subject,ADL,time,raw_emg
1,1,[1.000e-03 2.000e-03 3.000e-03 ... 5.938e+00 5.939e+00 5.940e+00],[ 0.0015  0.0015 -0.0023 ...  0.0007  0.0007  0.0007]
1,2,[1.000e-03 2.000e-03 3.000e-03 ... 5.978e+00 5.979e+00 5.980e+00],[ 0.0007  0.0015 -0.003  ...  0.0022  0.0007 -0.0023]
1,3,[1.000e-03 2.000e-03 3.000e-03 ... 8.998e+00 8.999e+00 9.000e+00],[-0.0023 -0.0008  0.     ...  0.0015  0.0015  0.0015]
1,4,[1.000e-03 2.000e-03 3.000e-03 ... 6.378e+00 6.379e+00 6.380e+00],[ 0.      0.0007  0.0022 ... -0.0023  0.0022 -0.0023]
1,5,[1.000e-03 2.000e-03 3.000e-03 ... 5.558e+00 5.559e+00 5.560e+00],[-0.0023  0.0007 -0.0023 ...  0.0022  0.0022  0.0022]
1,6,[1.0000e-03 2.0000e-03 3.0000e-03 ... 1.4538e+01 1.4539e+01 1.4540e+01],[-0.0091  0.0045  0.     ... -0.0015  0.0015  0.    ]
1,7,[1.0000e-03 2.0000e-03 3.0000e-03 ... 1.0978e+01 1.0979e+01 1.0980e+01],[ 0.0007 -0.003  -0.0023 ...  0.0022  0.0022  0.0022]
1,8,[1.000e-03 2.000e-03 3.000e-03 ... 6.678e+00 6.679e+00 6.680e+00],[-0.0023  0.      0.0007 ... -0.0015 -0.0015  0.0022]
1,9,[1.000e-03 2.000e-03 3.000e-03 ... 4.878e+00 4.879e+00 4.880e+00],[0.0007 0.0007 0.0007 ... 0.0022 0.0022 0.0022]
1,10,[1.0000e-03 2.0000e-03 3.0000e-03 ... 1.1798e+01 1.1799e+01 1.1800e+01],[-0.003  -0.0023  0.0007 ... -0.0023 -0.0023 -0.0023]
1,11,[1.000e-03 2.000e-03 3.000e-03 ... 9.818e+00 9.819e+00 9.820e+00],[-0.0008  0.      0.     ...  0.      0.      0.    ]
1,12,[1.0000e-03 2.0000e-03 3.0000e-03 ... 1.3138e+01 1.3139e+01 1.3140e+01],[ 0.0022  0.0022  0.     ... -0.0023  0.      0.0015]
1,13,[1.000e-03 2.000e-03 3.000e-03 ... 7.998e+00 7.999e+00 8.000e+00],[ 0.0015  0.0007 -0.0008 ... -0.0023 -0.0023 -0.0023]
1,14,[1.0000e-03 2.0000e-03 3.0000e-03 ... 1.8078e+01 1.8079e+01 1.8080e+01],[ 0.0007  0.     -0.0015 ... -0.0046  0.0045  0.    ]
1,15,[1.0000e-03 2.0000e-03 3.0000e-03 ... 1.5258e+01 1.5259e+01 1.5260e+01],[-0.0046 -0.0023  0.     ... -0.0023 -0.0023 -0.0015]
1,16,[1.000e-03 2.000e-03 3.000e-03 ... 9.138e+00 9.139e+00 9.140e+00],[ 0.0022 -0.0015 -0.003  ...  0.0187  0.0187  0.0187]
1,17,[1.0000e-03 2.0000e-03 3.0000e-03 ... 2.5918e+01 2.5919e+01 2.5920e+01],[-0.0046  0.0135  0.0022 ...  0.0397  0.0397  0.0397]
1,18,[1.000e-03 2.000e-03 3.000e-03 ... 7.838e+00 7.839e+00 7.840e+00],[ 0.0007 -0.0008  0.0022 ...  0.003   0.003   0.003 ]
1,19,[1.0000e-03 2.0000e-03 3.0000e-03 ... 1.4578e+01 1.4579e+01 1.4580e+01],[-0.0038  0.     -0.0023 ... -0.003  -0.003  -0.003 ]
1,20,[1.000e-03 2.000e-03 3.000e-03 ... 6.038e+00 6.039e+00 6.040e+00],[-0.015   0.0022  0.0097 ...  0.0307  0.0307  0.0307]
1,21,[1.0000e-03 2.0000e-03 3.0000e-03 ... 2.5998e+01 2.5999e+01 2.6000e+01],[ 0.0007  0.      0.     ... -0.0053 -0.0053 -0.0053]
1,22,[1.0000e-03 2.0000e-03 3.0000e-03 ... 1.0698e+01 1.0699e+01 1.0700e+01],[ 0.0022  0.0022 -0.0293 ... -0.0023  0.0015  0.    ]
1,23,[1.000e-03 2.000e-03 3.000e-03 ... 9.798e+00 9.799e+00 9.800e+00],[-0.003  -0.0008  0.0022 ...  0.0015  0.0022  0.0022]
1,24,[1.000e-03 2.000e-03 3.000e-03 ... 7.258e+00 7.259e+00 7.260e+00],[-0.0165 -0.0113  0.0015 ...  0.006   0.0037 -0.0015]
1,25,[1.000e-03 2.000e-03 3.000e-03 ... 8.338e+00 8.339e+00 8.340e+00],[-0.0038 -0.003   0.     ...  0.0007  0.0007  0.0007]
1,26,[1.000e-03 2.000e-03 3.000e-03 ... 8.078e+00 8.079e+00 8.080e+00],[ 0.0022  0.      0.0022 ...  0.0022 -0.0038  0.0022]
2,1,[1.000e-03 2.000e-03 3.000e-03 ... 7.418e+00 7.419e+00 7.420e+00],[0.     0.0015 0.0015 ... 0.     0.0007 0.0015]
2,2,[1.000e-03 2.000e-03 3.000e-03 ... 8.698e+00 8.699e+00 8.700e+00],[ 0.      0.0007  0.     ... -0.0015 -0.0023 -0.0008]
2,3,[1.000e-03 2.000e-03 3.000e-03 ... 8.978e+00 8.979e+00 8.980e+00],[-0.0008  0.0007  0.0007 ...  0.0007  0.0007  0.0007]
2,4,[1.000e-03 2.000e-03 3.000e-03 ... 9.218e+00 9.219e+00 9.220e+00],[0.0015 0.0015 0.     ... 0.0015 0.0015 0.0015]
2,5,[1.000e-03 2.000e-03 3.000e-03 ... 6.498e+00 6.499e+00 6.500e+00],[-0.0015 -0.0023 -0.0015 ...  0.      0.      0.    ]
2,6,[1.0000e-03 2.0000e-03 3.0000e-03 ... 1.3038e+01 1.3039e+01 1.3040e+01],[ 0.0015 -0.0023  0.     ... -0.0053  0.0105  0.015 ]
2,7,[1.0000e-03 2.0000e-03 3.0000e-03 ... 1.2678e+01 1.2679e+01 1.2680e+01],[ 0.0007  0.0015 -0.0015 ...  0.      0.      0.    ]
2,8,[1.000e-03 2.000e-03 3.000e-03 ... 9.498e+00 9.499e+00 9.500e+00],[-0.0023  0.0015  0.0007 ...  0.0015  0.0015 -0.0008]
2,9,[1.000e-03 2.000e-03 3.000e-03 ... 7.538e+00 7.539e+00 7.540e+00],[ 0.0007  0.0015 -0.0015 ... -0.0015 -0.0015 -0.0015]
2,10,[1.0000e-03 2.0000e-03 3.0000e-03 ... 1.8198e+01 1.8199e+01 1.8200e+01],[ 0.0007 -0.0015 -0.0015 ...  0.      0.      0.    ]
2,11,[1.0000e-03 2.0000e-03 3.0000e-03 ... 1.5218e+01 1.5219e+01 1.5220e+01],[-0.0008  0.      0.     ...  0.0007 -0.0023 -0.0015]
2,12,[1.0000e-03 2.0000e-03 3.0000e-03 ... 1.2858e+01 1.2859e+01 1.2860e+01],[-0.0008  0.0015  0.     ... -0.0015  0.0007 -0.003 ]
2,13,[1.0000e-03 2.0000e-03 3.0000e-03 ... 1.2898e+01 1.2899e+01 1.2900e+01],[-0.0015  0.0015  0.0007 ...  0.003   0.003   0.003 ]
2,14,[1.0000e-03 2.0000e-03 3.0000e-03 ... 1.9418e+01 1.9419e+01 1.9420e+01],[-0.0158  0.0007  0.0412 ...  0.0195  0.0195  0.0195]
2,15,[1.0000e-03 2.0000e-03 3.0000e-03 ... 2.1698e+01 2.1699e+01 2.1700e+01],[-0.0038  0.0007 -0.0023 ...  0.0007  0.0007  0.0007]
2,16,[1.0000e-03 2.0000e-03 3.0000e-03 ... 1.0478e+01 1.0479e+01 1.0480e+01],[-0.0038 -0.003  -0.0098 ... -0.0046 -0.0046 -0.0046]
2,17,[1.0000e-03 2.0000e-03 3.0000e-03 ... 2.7218e+01 2.7219e+01 2.7220e+01],[-0.0053 -0.0233  0.0007 ... -0.003  -0.003  -0.003 ]
2,18,[1.000e-03 2.000e-03 3.000e-03 ... 8.758e+00 8.759e+00 8.760e+00],[-0.0053 -0.0068  0.0052 ... -0.003  -0.003  -0.0285]
2,19,[1.0000e-03 2.0000e-03 3.0000e-03 ... 1.8258e+01 1.8259e+01 1.8260e+01],[ 0.     -0.0015 -0.006  ...  0.0067  0.0015 -0.0105]
2,20,[1.0000e-03 2.0000e-03 3.0000e-03 ... 1.1478e+01 1.1479e+01 1.1480e+01],[-0.0015  0.003   0.0037 ... -0.003  -0.003  -0.003 ]
2,21,[1.0000e-03 2.0000e-03 3.0000e-03 ... 2.8818e+01 2.8819e+01 2.8820e+01],[ 0.024  -0.0135 -0.006  ... -0.0158 -0.0158 -0.0158]
2,22,[1.0000e-03 2.0000e-03 3.0000e-03 ... 1.3078e+01 1.3079e+01 1.3080e+01],[-0.0008 -0.0053 -0.0256 ... -0.0046 -0.0128 -0.0023]
2,23,[1.0000e-03 2.0000e-03 3.0000e-03 ... 1.6198e+01 1.6199e+01 1.6200e+01],[ 0.0015 -0.006  -0.006  ...  0.0022 -0.0053 -0.0038]
2,24,[1.0000e-03 2.0000e-03 3.0000e-03 ... 1.8398e+01 1.8399e+01 1.8400e+01],[-0.0578 -0.0338  0.003  ...  0.0142  0.0037 -0.0091]
2,25,[1.0000e-03 2.0000e-03 3.0000e-03 ... 1.1318e+01 1.1319e+01 1.1320e+01],[-0.012  -0.0098  0.0022 ...  0.0165  0.03    0.0382]
2,26,[1.0000e-03 2.0000e-03 3.0000e-03 ... 1.0078e+01 1.0079e+01 1.0080e+01],[ 0.006   0.0052  0.     ... -0.015  -0.0105  0.009 ]
3,1,[1.000e-03 2.000e-03 3.000e-03 ... 6.978e+00 6.979e+00 6.980e+00],[0.0007 0.0007 0.     ... 0.006  0.0075 0.0127]
3,2,[1.000e-03 2.000e-03 3.000e-03 ... 8.458e+00 8.459e+00 8.460e+00],[-0.0091 -0.0008 -0.0075 ...  0.      0.      0.0007]
3,3,[1.000e-03 2.000e-03 3.000e-03 ... 8.518e+00 8.519e+00 8.520e+00],[-0.0008 -0.0015  0.     ...  0.0007 -0.0015  0.    ]
3,4,[1.000e-03 2.000e-03 3.000e-03 ... 9.578e+00 9.579e+00 9.580e+00],[-0.0015  0.0007 -0.0015 ...  0.0022 -0.0008  0.0015]
3,5,[1.000e-03 2.000e-03 3.000e-03 ... 7.458e+00 7.459e+00 7.460e+00],[-0.0008 -0.0015 -0.0008 ... -0.0008  0.0007  0.    ]
3,6,[1.0000e-03 2.0000e-03 3.0000e-03 ... 1.2718e+01 1.2719e+01 1.2720e+01],[0.0015 0.0007 0.     ... 0.0022 0.0022 0.0007]
3,7,[1.0000e-03 2.0000e-03 3.0000e-03 ... 1.6398e+01 1.6399e+01 1.6400e+01],[-0.0015 -0.0015 -0.0008 ...  0.0052  0.0007  0.0007]
3,8,[1.000e-03 2.000e-03 3.000e-03 ... 8.668e+00 8.669e+00 8.670e+00],[ 0.0007  0.     -0.003  ... -0.0038 -0.0023  0.0007]
3,9,[1.000e-03 2.000e-03 3.000e-03 ... 7.328e+00 7.329e+00 7.330e+00],[ 0.      0.0007  0.0015 ...  0.0037  0.003  -0.0015]
3,10,[1.0000e-03 2.0000e-03 3.0000e-03 ... 1.2808e+01 1.2809e+01 1.2810e+01],[ 0.0022 -0.0015 -0.0015 ... -0.0023  0.0007  0.0015]
3,11,[1.0000e-03 2.0000e-03 3.0000e-03 ... 1.4598e+01 1.4599e+01 1.4600e+01],[-0.0023  0.      0.     ... -0.024   0.0142  0.0187]
3,12,[1.0000e-03 2.0000e-03 3.0000e-03 ... 1.3788e+01 1.3789e+01 1.3790e+01],[ 0.0007 -0.0023 -0.0023 ...  0.0015  0.      0.0007]
3,13,[1.000e-03 2.000e-03 3.000e-03 ... 8.618e+00 8.619e+00 8.620e+00],[-0.0015  0.0015 -0.0015 ...  0.0007 -0.0008 -0.003 ]
3,14,[1.0000e-03 2.0000e-03 3.0000e-03 ... 1.6728e+01 1.6729e+01 1.6730e+01],[ 0.0015  0.0007  0.0007 ... -0.003  -0.0008 -0.0023]
3,15,[1.0000e-03 2.0000e-03 3.0000e-03 ... 1.8698e+01 1.8699e+01 1.8700e+01],[ 0.      0.006   0.0112 ... -0.0068  0.0037 -0.0008]
3,16,[1.0000e-03 2.0000e-03 3.0000e-03 ... 1.0538e+01 1.0539e+01 1.0540e+01],[ 0.0007  0.0007 -0.0008 ...  0.012  -0.003   0.0015]
3,17,[1.0000e-03 2.0000e-03 3.0000e-03 ... 2.1918e+01 2.1919e+01 2.1920e+01],[-0.0091 -0.0098 -0.0075 ...  0.0052 -0.0023 -0.0008]
3,18,[1.000e-03 2.000e-03 3.000e-03 ... 7.378e+00 7.379e+00 7.380e+00],[-0.0015 -0.0015  0.0015 ...  0.     -0.0015  0.0015]
3,19,[1.0000e-03 2.0000e-03 3.0000e-03 ... 1.8578e+01 1.8579e+01 1.8580e+01],[ 0.      0.0022  0.0007 ...  0.012  -0.0046  0.0105]
3,20,[1.000e-03 2.000e-03 3.000e-03 ... 8.888e+00 8.889e+00 8.890e+00],[0.0007 0.     0.0007 ... 0.0067 0.     0.    ]
3,21,[1.0000e-03 2.0000e-03 3.0000e-03 ... 2.3608e+01 2.3609e+01 2.3610e+01],[-0.0008  0.0007  0.0007 ... -0.0008 -0.0015 -0.003 ]
3,22,[1.0000e-03 2.0000e-03 3.0000e-03 ... 1.2968e+01 1.2969e+01 1.2970e+01],[ 0.0007  0.      0.0007 ... -0.0008  0.      0.0007]
3,23,[1.0000e-03 2.0000e-03 3.0000e-03 ... 1.0848e+01 1.0849e+01 1.0850e+01],[ 0.0007 -0.0015 -0.0023 ...  0.0045  0.003   0.0015]
3,24,[1.0000e-03 2.0000e-03 3.0000e-03 ... 1.1988e+01 1.1989e+01 1.1990e+01],[ 0.      0.     -0.0023 ...  0.      0.0007  0.0007]
3,25,[1.0000e-03 2.0000e-03 3.0000e-03 ... 1.0478e+01 1.0479e+01 1.0480e+01],[-0.0218 -0.0315  0.0315 ... -0.003   0.     -0.0008]
3,26,[1.0000e-03 2.0000e-03 3.0000e-03 ... 1.1878e+01 1.1879e+01 1.1880e+01],[-0.0023 -0.003  -0.003  ...  0.0007  0.0037  0.0037]
4,1,[1.000e-03 2.000e-03 3.000e-03 ... 5.998e+00 5.999e+00 6.000e+00],[-0.0046  0.0007  0.0037 ...  0.      0.      0.    ]
4,2,[1.000e-03 2.000e-03 3.000e-03 ... 6.598e+00 6.599e+00 6.600e+00],[ 0.0202  0.0097 -0.0068 ...  0.0022  0.0022  0.0022]
4,3,[1.000e-03 2.000e-03 3.000e-03 ... 7.818e+00 7.819e+00 7.820e+00],[-0.0128 -0.0188  0.0105 ... -0.0015 -0.0015 -0.0015]
4,4,[1.000e-03 2.000e-03 3.000e-03 ... 6.918e+00 6.919e+00 6.920e+00],[ 0.      0.0037 -0.0038 ...  0.      0.      0.    ]
4,5,[1.000e-03 2.000e-03 3.000e-03 ... 6.638e+00 6.639e+00 6.640e+00],[-0.0023 -0.0038 -0.0008 ...  0.      0.0007 -0.0008]
4,6,[1.0000e-03 2.0000e-03 3.0000e-03 ... 1.2958e+01 1.2959e+01 1.2960e+01],[-0.003   0.      0.0007 ... -0.027  -0.006   0.0472]
4,7,[1.0000e-03 2.0000e-03 3.0000e-03 ... 1.2558e+01 1.2559e+01 1.2560e+01],[-0.0008  0.0045 -0.0023 ... -0.0015 -0.0015 -0.0015]
4,8,[1.000e-03 2.000e-03 3.000e-03 ... 7.638e+00 7.639e+00 7.640e+00],[-0.0015  0.0007 -0.0038 ... -0.0038  0.0015  0.009 ]
4,9,[1.000e-03 2.000e-03 3.000e-03 ... 5.778e+00 5.779e+00 5.780e+00],[ 0.0225 -0.0113 -0.0023 ...  0.0015  0.0022 -0.0128]
4,10,[1.0000e-03 2.0000e-03 3.0000e-03 ... 1.4158e+01 1.4159e+01 1.4160e+01],[-0.0008 -0.0008 -0.0008 ... -0.0046 -0.0098 -0.0053]
4,11,[1.0000e-03 2.0000e-03 3.0000e-03 ... 1.0178e+01 1.0179e+01 1.0180e+01],[ 0.     -0.0023 -0.0038 ...  0.      0.      0.    ]
4,12,[1.000e-03 2.000e-03 3.000e-03 ... 9.498e+00 9.499e+00 9.500e+00],[-0.0038 -0.0023 -0.0015 ...  0.0007 -0.0015 -0.0008]
4,13,[1.0000e-03 2.0000e-03 3.0000e-03 ... 1.0758e+01 1.0759e+01 1.0760e+01],[-0.0008 -0.0008  0.     ... -0.0038 -0.0046 -0.0046]
4,14,[1.0000e-03 2.0000e-03 3.0000e-03 ... 1.3738e+01 1.3739e+01 1.3740e+01],[ 0.0022  0.0187  0.0045 ... -0.0143 -0.0143 -0.0143]
4,15,[1.0000e-03 2.0000e-03 3.0000e-03 ... 1.7998e+01 1.7999e+01 1.8000e+01],[-0.006  -0.0015 -0.0023 ...  0.03    0.0015 -0.0225]
4,16,[1.0000e-03 2.0000e-03 3.0000e-03 ... 1.1038e+01 1.1039e+01 1.1040e+01],[-0.0008 -0.003  -0.0015 ... -0.0046 -0.0046 -0.0046]
4,17,[1.0000e-03 2.0000e-03 3.0000e-03 ... 2.3258e+01 2.3259e+01 2.3260e+01],[ 0.0037  0.      0.0052 ... -0.0038 -0.0068  0.0075]
4,18,[1.000e-03 2.000e-03 3.000e-03 ... 8.078e+00 8.079e+00 8.080e+00],[-0.0023 -0.0015 -0.0053 ...  0.     -0.0083 -0.0143]
4,19,[1.0000e-03 2.0000e-03 3.0000e-03 ... 1.5458e+01 1.5459e+01 1.5460e+01],[-0.0091  0.0007 -0.0008 ... -0.0075 -0.0075 -0.0075]
4,20,[1.000e-03 2.000e-03 3.000e-03 ... 8.458e+00 8.459e+00 8.460e+00],[-0.0053 -0.0053 -0.0068 ...  0.0022 -0.0023 -0.0083]
4,21,[1.0000e-03 2.0000e-03 3.0000e-03 ... 2.3318e+01 2.3319e+01 2.3320e+01],[-0.0105 -0.0143 -0.0008 ... -0.0173 -0.0173 -0.0173]
4,22,[1.0000e-03 2.0000e-03 3.0000e-03 ... 1.0298e+01 1.0299e+01 1.0300e+01],[ 0.0187  0.0187 -0.0038 ...  0.      0.      0.    ]
4,23,[1.0000e-03 2.0000e-03 3.0000e-03 ... 1.0418e+01 1.0419e+01 1.0420e+01],[ 0.003   0.     -0.0038 ... -0.0053  0.0037  0.0112]
4,24,[1.0000e-03 2.0000e-03 3.0000e-03 ... 1.0858e+01 1.0859e+01 1.0860e+01],[-0.0008 -0.0053 -0.0068 ...  0.     -0.0015 -0.0098]
4,25,[1.000e-03 2.000e-03 3.000e-03 ... 9.398e+00 9.399e+00 9.400e+00],[-0.0023 -0.0046 -0.0165 ... -0.0218 -0.0218 -0.0218]
4,26,[1.0000e-03 2.0000e-03 3.0000e-03 ... 1.0678e+01 1.0679e+01 1.0680e+01],[ 0.006  -0.0083  0.003  ...  0.0045  0.0045  0.0045]
5,1,[1.000e-03 2.000e-03 3.000e-03 ... 8.138e+00 8.139e+00 8.140e+00],[-0.0015  0.0007 -0.0023 ...  0.0007  0.0007 -0.0008]
5,2,[1.000e-03 2.000e-03 3.000e-03 ... 7.878e+00 7.879e+00 7.880e+00],[-0.0015 -0.0015 -0.0015 ...  0.      0.0007  0.0007]
5,3,[1.000e-03 2.000e-03 3.000e-03 ... 8.498e+00 8.499e+00 8.500e+00],[ 0.      0.0007  0.0007 ...  0.0007 -0.0008  0.0007]
5,4,[1.000e-03 2.000e-03 3.000e-03 ... 9.758e+00 9.759e+00 9.760e+00],[-0.003  -0.0023 -0.0023 ...  0.0075  0.0075  0.0075]
5,5,[1.000e-03 2.000e-03 3.000e-03 ... 8.138e+00 8.139e+00 8.140e+00],[-0.0008 -0.0008 -0.0023 ... -0.0023 -0.0023 -0.0023]
5,6,[1.0000e-03 2.0000e-03 3.0000e-03 ... 1.3318e+01 1.3319e+01 1.3320e+01],[-0.0008  0.      0.0015 ...  0.      0.      0.    ]
5,7,[1.0000e-03 2.0000e-03 3.0000e-03 ... 1.6178e+01 1.6179e+01 1.6180e+01],[0.0007 0.0015 0.     ... 0.     0.     0.    ]
5,8,[1.000e-03 2.000e-03 3.000e-03 ... 9.018e+00 9.019e+00 9.020e+00],[ 0.0007  0.0007  0.     ...  0.0007 -0.0015 -0.0008]
5,9,[1.000e-03 2.000e-03 3.000e-03 ... 5.458e+00 5.459e+00 5.460e+00],[-0.0015 -0.0008  0.     ...  0.      0.      0.    ]
5,10,[1.0000e-03 2.0000e-03 3.0000e-03 ... 1.8918e+01 1.8919e+01 1.8920e+01],[ 0.     -0.0008 -0.0015 ...  0.0007  0.0007  0.0015]
5,11,[1.0000e-03 2.0000e-03 3.0000e-03 ... 1.2198e+01 1.2199e+01 1.2200e+01],[ 0.0007  0.      0.0007 ... -0.0046  0.0015 -0.0053]
5,12,[1.0000e-03 2.0000e-03 3.0000e-03 ... 1.5718e+01 1.5719e+01 1.5720e+01],[ 0.0022  0.0015 -0.0015 ... -0.0008 -0.0008 -0.0008]
5,13,[1.0000e-03 2.0000e-03 3.0000e-03 ... 1.0798e+01 1.0799e+01 1.0800e+01],[ 0.     -0.0008  0.0007 ...  0.0015  0.     -0.0015]
5,14,[1.0000e-03 2.0000e-03 3.0000e-03 ... 1.8258e+01 1.8259e+01 1.8260e+01],[ 0.      0.     -0.0008 ...  0.0015  0.0015  0.0015]
5,15,[1.0000e-03 2.0000e-03 3.0000e-03 ... 1.6818e+01 1.6819e+01 1.6820e+01],[ 0.0007  0.     -0.0008 ...  0.0015  0.0007  0.0022]
5,16,[1.0000e-03 2.0000e-03 3.0000e-03 ... 1.0598e+01 1.0599e+01 1.0600e+01],[ 0.0022  0.0015  0.0015 ... -0.0075 -0.0075 -0.0075]
5,17,[1.0000e-03 2.0000e-03 3.0000e-03 ... 3.1378e+01 3.1379e+01 3.1380e+01],[ 0.0015 -0.0008 -0.0015 ... -0.003  -0.0023 -0.0015]
5,18,[1.000e-03 2.000e-03 3.000e-03 ... 9.558e+00 9.559e+00 9.560e+00],[-0.0015 -0.0015  0.     ...  0.0045 -0.006  -0.0053]
5,19,[1.0000e-03 2.0000e-03 3.0000e-03 ... 1.7538e+01 1.7539e+01 1.7540e+01],[ 0.      0.     -0.0008 ...  0.     -0.0083 -0.0023]
5,20,[1.000e-03 2.000e-03 3.000e-03 ... 9.738e+00 9.739e+00 9.740e+00],[-0.0008  0.     -0.0008 ...  0.      0.0007  0.    ]
5,21,[1.0000e-03 2.0000e-03 3.0000e-03 ... 2.5178e+01 2.5179e+01 2.5180e+01],[ 0.0007  0.0015  0.0022 ...  0.     -0.0008  0.0007]
5,22,[1.0000e-03 2.0000e-03 3.0000e-03 ... 1.3498e+01 1.3499e+01 1.3500e+01],[-0.0023  0.      0.     ...  0.0037  0.0037  0.0037]
5,23,[1.0000e-03 2.0000e-03 3.0000e-03 ... 1.0478e+01 1.0479e+01 1.0480e+01],[-0.0008  0.     -0.0015 ... -0.0091 -0.0015  0.    ]
5,24,[1.0000e-03 2.0000e-03 3.0000e-03 ... 1.1458e+01 1.1459e+01 1.1460e+01],[-0.0053 -0.003   0.003  ... -0.0015 -0.0015  0.    ]
5,25,[1.000e-03 2.000e-03 3.000e-03 ... 7.698e+00 7.699e+00 7.700e+00],[-0.0008  0.0007  0.0007 ...  0.0007  0.      0.    ]
5,26,[1.0000e-03 2.0000e-03 3.0000e-03 ... 1.2698e+01 1.2699e+01 1.2700e+01],[-0.0023  0.      0.0007 ...  0.0007  0.0007  0.0007]
6,1,[1.000e-03 2.000e-03 3.000e-03 ... 6.538e+00 6.539e+00 6.540e+00],[-0.0008  0.0007  0.     ... -0.0038 -0.0038 -0.0038]
6,2,[1.000e-03 2.000e-03 3.000e-03 ... 6.458e+00 6.459e+00 6.460e+00],[ 0.0045  0.0007 -0.0015 ...  0.0022  0.0022  0.0022]
6,3,[1.000e-03 2.000e-03 3.000e-03 ... 7.078e+00 7.079e+00 7.080e+00],[ 0.0007  0.0007  0.     ... -0.003  -0.003  -0.003 ]
6,4,[1.000e-03 2.000e-03 3.000e-03 ... 7.238e+00 7.239e+00 7.240e+00],[-0.0015 -0.003  -0.003  ...  0.0157 -0.006  -0.024 ]
6,5,[1.000e-03 2.000e-03 3.000e-03 ... 6.098e+00 6.099e+00 6.100e+00],[ 0.0007  0.0015  0.0007 ... -0.0015  0.003   0.003 ]
6,6,[1.000e-03 2.000e-03 3.000e-03 ... 9.958e+00 9.959e+00 9.960e+00],[0.0007 0.003  0.     ... 0.0015 0.0015 0.0022]
6,7,[1.0000e-03 2.0000e-03 3.0000e-03 ... 1.5718e+01 1.5719e+01 1.5720e+01],[-0.0015  0.     -0.0015 ... -0.0015 -0.0015 -0.0068]
6,8,[1.000e-03 2.000e-03 3.000e-03 ... 6.918e+00 6.919e+00 6.920e+00],[-0.003  -0.0023 -0.0008 ... -0.0091  0.0022  0.0127]
6,9,[1.000e-03 2.000e-03 3.000e-03 ... 5.298e+00 5.299e+00 5.300e+00],[ 0.0007  0.0007  0.0007 ... -0.0046 -0.0038 -0.0015]
6,10,[1.0000e-03 2.0000e-03 3.0000e-03 ... 1.0418e+01 1.0419e+01 1.0420e+01],[-0.0015  0.0007  0.0007 ... -0.0105 -0.0105 -0.0105]
6,11,[1.0000e-03 2.0000e-03 3.0000e-03 ... 1.0258e+01 1.0259e+01 1.0260e+01],[ 0.0007 -0.0083 -0.006  ... -0.0053 -0.0053 -0.0053]
6,12,[1.0000e-03 2.0000e-03 3.0000e-03 ... 1.0518e+01 1.0519e+01 1.0520e+01],[-0.003   0.     -0.0015 ...  0.      0.      0.    ]
6,13,[1.000e-03 2.000e-03 3.000e-03 ... 9.178e+00 9.179e+00 9.180e+00],[ 0.0007 -0.003   0.0015 ...  0.0015  0.0015  0.0015]
6,14,[1.0000e-03 2.0000e-03 3.0000e-03 ... 1.1898e+01 1.1899e+01 1.1900e+01],[ 0.0015  0.      0.     ... -0.024  -0.0023  0.0337]
6,15,[1.0000e-03 2.0000e-03 3.0000e-03 ... 1.5558e+01 1.5559e+01 1.5560e+01],[-0.003  -0.0038 -0.0038 ...  0.006   0.0097  0.003 ]
6,16,[1.000e-03 2.000e-03 3.000e-03 ... 9.098e+00 9.099e+00 9.100e+00],[-0.0023 -0.003  -0.0015 ...  0.0097  0.0045  0.0007]
6,17,[1.0000e-03 2.0000e-03 3.0000e-03 ... 2.1558e+01 2.1559e+01 2.1560e+01],[0.0007 0.0007 0.     ... 0.0007 0.0007 0.0007]
6,18,[1.000e-03 2.000e-03 3.000e-03 ... 7.398e+00 7.399e+00 7.400e+00],[ 0.0007  0.0067 -0.006  ... -0.003  -0.003  -0.003 ]
6,19,[1.0000e-03 2.0000e-03 3.0000e-03 ... 1.5438e+01 1.5439e+01 1.5440e+01],[-0.0015 -0.006  -0.0008 ...  0.0352  0.0352  0.0352]
6,20,[1.000e-03 2.000e-03 3.000e-03 ... 6.798e+00 6.799e+00 6.800e+00],[-0.0008 -0.0008  0.     ... -0.0015 -0.0015 -0.0015]
6,21,[1.0000e-03 2.0000e-03 3.0000e-03 ... 2.0438e+01 2.0439e+01 2.0440e+01],[ 0.0007  0.0007  0.     ... -0.0008 -0.0091 -0.0165]
6,22,[1.000e-03 2.000e-03 3.000e-03 ... 9.218e+00 9.219e+00 9.220e+00],[ 0.0015  0.0022 -0.0023 ... -0.0038 -0.0053 -0.0053]
6,23,[1.000e-03 2.000e-03 3.000e-03 ... 8.458e+00 8.459e+00 8.460e+00],[ 0.0015 -0.0023 -0.003  ... -0.0068 -0.0068 -0.0068]
6,24,[1.0000e-03 2.0000e-03 3.0000e-03 ... 1.0378e+01 1.0379e+01 1.0380e+01],[ 0.0007  0.     -0.0023 ... -0.0046 -0.0046 -0.0046]
6,25,[1.000e-03 2.000e-03 3.000e-03 ... 8.098e+00 8.099e+00 8.100e+00],[-0.003   0.0015  0.0105 ...  0.0007  0.0007  0.0007]
6,26,[1.0000e-03 2.0000e-03 3.0000e-03 ... 1.2118e+01 1.2119e+01 1.2120e+01],[-0.0038 -0.0225 -0.0075 ...  0.0007  0.0007  0.0007]
7,1,[1.000e-03 2.000e-03 3.000e-03 ... 7.498e+00 7.499e+00 7.500e+00],[-0.003   0.0015 -0.0046 ...  0.0037  0.0157 -0.0113]
7,2,[1.000e-03 2.000e-03 3.000e-03 ... 8.358e+00 8.359e+00 8.360e+00],[-0.0008 -0.0023  0.0022 ...  0.0007 -0.0046  0.0082]
7,3,[1.000e-03 2.000e-03 3.000e-03 ... 9.078e+00 9.079e+00 9.080e+00],[-0.0015 -0.0023 -0.0015 ... -0.003   0.0165 -0.0248]
7,4,[1.000e-03 2.000e-03 3.000e-03 ... 8.348e+00 8.349e+00 8.350e+00],[ 0.      0.     -0.0008 ...  0.      0.0022  0.0015]
7,5,[1.000e-03 2.000e-03 3.000e-03 ... 6.898e+00 6.899e+00 6.900e+00],[-0.003   0.0015 -0.0008 ...  0.0015 -0.0008 -0.0023]
7,6,[1.0000e-03 2.0000e-03 3.0000e-03 ... 1.3718e+01 1.3719e+01 1.3720e+01],[0.0015 0.     0.     ... 0.0225 0.0037 0.0022]
7,7,[1.0000e-03 2.0000e-03 3.0000e-03 ... 1.5748e+01 1.5749e+01 1.5750e+01],[ 0.     -0.0008  0.0022 ...  0.      0.0015  0.0007]
7,8,[1.000e-03 2.000e-03 3.000e-03 ... 8.608e+00 8.609e+00 8.610e+00],[-0.0015 -0.003  -0.0135 ... -0.0008 -0.0015  0.    ]
7,9,[1.000e-03 2.000e-03 3.000e-03 ... 7.538e+00 7.539e+00 7.540e+00],[-0.0008  0.      0.     ...  0.015   0.0105 -0.0091]
7,10,[1.0000e-03 2.0000e-03 3.0000e-03 ... 1.5598e+01 1.5599e+01 1.5600e+01],[ 0.0015  0.     -0.003  ...  0.      0.003   0.    ]
7,11,[1.0000e-03 2.0000e-03 3.0000e-03 ... 1.0498e+01 1.0499e+01 1.0500e+01],[ 0.0007  0.0007 -0.0015 ...  0.0037 -0.0015 -0.0015]
7,12,[1.0000e-03 2.0000e-03 3.0000e-03 ... 1.0558e+01 1.0559e+01 1.0560e+01],[ 0.0007  0.     -0.0023 ... -0.015  -0.0008 -0.0113]
7,13,[1.000e-03 2.000e-03 3.000e-03 ... 8.938e+00 8.939e+00 8.940e+00],[-0.0015 -0.0015  0.0037 ...  0.0037 -0.006   0.0015]
7,14,[1.0000e-03 2.0000e-03 3.0000e-03 ... 1.9618e+01 1.9619e+01 1.9620e+01],[0.0247 0.0232 0.0547 ... 0.0105 0.0075 0.0067]
7,15,[1.0000e-03 2.0000e-03 3.0000e-03 ... 1.7808e+01 1.7809e+01 1.7810e+01],[-0.0038 -0.015  -0.0046 ... -0.0068 -0.0046 -0.0225]
7,16,[1.000e-03 2.000e-03 3.000e-03 ... 9.308e+00 9.309e+00 9.310e+00],[-0.0113 -0.0053  0.0135 ... -0.0015 -0.0015  0.    ]
7,17,[1.0000e-03 2.0000e-03 3.0000e-03 ... 2.9228e+01 2.9229e+01 2.9230e+01],[-0.0383  0.0967  0.0352 ...  0.0022 -0.0038 -0.0083]
7,18,[1.000e-03 2.000e-03 3.000e-03 ... 8.388e+00 8.389e+00 8.390e+00],[-0.0158 -0.0256 -0.0188 ...  0.0015 -0.0015 -0.0015]
7,19,[1.0000e-03 2.0000e-03 3.0000e-03 ... 1.2788e+01 1.2789e+01 1.2790e+01],[ 0.0292  0.024  -0.0015 ... -0.057  -0.0091  0.0705]
7,20,[1.000e-03 2.000e-03 3.000e-03 ... 8.428e+00 8.429e+00 8.430e+00],[ 0.0015 -0.0068 -0.0023 ... -0.0083  0.024  -0.0188]
7,21,[1.0000e-03 2.0000e-03 3.0000e-03 ... 2.1318e+01 2.1319e+01 2.1320e+01],[ 0.0007 -0.0015 -0.0015 ... -0.0488 -0.03   -0.0218]
7,22,[1.0000e-03 2.0000e-03 3.0000e-03 ... 1.1248e+01 1.1249e+01 1.1250e+01],[ 0.0135 -0.0293  0.0007 ... -0.0023 -0.0075  0.0015]
7,23,[1.0000e-03 2.0000e-03 3.0000e-03 ... 1.1308e+01 1.1309e+01 1.1310e+01],[ 0.099   0.0142 -0.0218 ... -0.0015 -0.0023 -0.0173]
7,24,[1.0000e-03 2.0000e-03 3.0000e-03 ... 1.1188e+01 1.1189e+01 1.1190e+01],[-0.0038  0.0112  0.0022 ...  0.     -0.0046 -0.0105]
7,25,[1.000e-03 2.000e-03 3.000e-03 ... 9.078e+00 9.079e+00 9.080e+00],[ 0.033  -0.0158 -0.0128 ... -0.0046 -0.0083 -0.0038]
7,26,[1.0000e-03 2.0000e-03 3.0000e-03 ... 1.1628e+01 1.1629e+01 1.1630e+01],[ 0.     -0.0046 -0.0135 ... -0.0015  0.003   0.    ]
8,1,[1.000e-03 2.000e-03 3.000e-03 ... 5.458e+00 5.459e+00 5.460e+00],[-0.0008 -0.0023 -0.0015 ...  0.0015  0.0015  0.0015]
8,2,[1.000e-03 2.000e-03 3.000e-03 ... 7.538e+00 7.539e+00 7.540e+00],[-0.0015 -0.0008  0.0022 ... -0.0023  0.0007  0.    ]
8,3,[1.000e-03 2.000e-03 3.000e-03 ... 6.798e+00 6.799e+00 6.800e+00],[-0.0015  0.0015  0.     ... -0.0008 -0.0008 -0.0008]
8,4,[1.000e-03 2.000e-03 3.000e-03 ... 8.658e+00 8.659e+00 8.660e+00],[ 0.     -0.003   0.0015 ... -0.0015 -0.0015 -0.0015]
8,5,[1.000e-03 2.000e-03 3.000e-03 ... 6.438e+00 6.439e+00 6.440e+00],[ 0.0007 -0.0023  0.0015 ...  0.0015  0.0015  0.    ]
8,6,[1.0000e-03 2.0000e-03 3.0000e-03 ... 1.0898e+01 1.0899e+01 1.0900e+01],[ 0.0007 -0.0008  0.     ...  0.0007 -0.0023 -0.0008]
8,7,[1.000e-03 2.000e-03 3.000e-03 ... 8.618e+00 8.619e+00 8.620e+00],[ 0.0015  0.0015 -0.0023 ... -0.0023 -0.0023 -0.0023]
8,8,[1.000e-03 2.000e-03 3.000e-03 ... 7.578e+00 7.579e+00 7.580e+00],[-0.0008  0.0007  0.0007 ...  0.      0.      0.    ]
8,9,[1.000e-03 2.000e-03 3.000e-03 ... 5.618e+00 5.619e+00 5.620e+00],[-0.0008 -0.003   0.0022 ... -0.0023  0.0015  0.0022]
8,10,[1.0000e-03 2.0000e-03 3.0000e-03 ... 1.1538e+01 1.1539e+01 1.1540e+01],[ 0.      0.      0.0007 ... -0.0015 -0.0015 -0.0015]
8,11,[1.000e-03 2.000e-03 3.000e-03 ... 9.338e+00 9.339e+00 9.340e+00],[-0.0008  0.0015  0.0015 ... -0.0015 -0.0023  0.0015]
8,12,[1.0000e-03 2.0000e-03 3.0000e-03 ... 1.0658e+01 1.0659e+01 1.0660e+01],[-0.0023  0.0007 -0.0008 ... -0.003  -0.0008 -0.0053]
8,13,[1.000e-03 2.000e-03 3.000e-03 ... 8.758e+00 8.759e+00 8.760e+00],[ 0.      0.      0.0015 ... -0.0038 -0.003   0.0015]
8,14,[1.0000e-03 2.0000e-03 3.0000e-03 ... 1.1178e+01 1.1179e+01 1.1180e+01],[-0.0008 -0.0053 -0.0023 ... -0.0008 -0.0015 -0.003 ]
8,15,[1.0000e-03 2.0000e-03 3.0000e-03 ... 1.7138e+01 1.7139e+01 1.7140e+01],[-0.0008  0.0015  0.0007 ...  0.0682  0.0682  0.0682]
8,16,[1.0000e-03 2.0000e-03 3.0000e-03 ... 1.0838e+01 1.0839e+01 1.0840e+01],[ 0.0007 -0.0008  0.0022 ...  0.0045  0.0045  0.0045]
8,17,[1.0000e-03 2.0000e-03 3.0000e-03 ... 1.9838e+01 1.9839e+01 1.9840e+01],[-0.0023 -0.0008 -0.003  ... -0.0015  0.      0.0007]
8,18,[1.000e-03 2.000e-03 3.000e-03 ... 8.918e+00 8.919e+00 8.920e+00],[-0.0075 -0.006  -0.012  ... -0.0046 -0.0053 -0.0038]
8,19,[1.0000e-03 2.0000e-03 3.0000e-03 ... 1.4438e+01 1.4439e+01 1.4440e+01],[0.015  0.0007 0.0007 ... 0.0007 0.0007 0.0007]
8,20,[1.000e-03 2.000e-03 3.000e-03 ... 6.778e+00 6.779e+00 6.780e+00],[ 0.0015 -0.003  -0.0038 ...  0.0045  0.0045  0.0045]
8,21,[1.0000e-03 2.0000e-03 3.0000e-03 ... 2.0158e+01 2.0159e+01 2.0160e+01],[ 0.     -0.0008 -0.0008 ... -0.0008 -0.0008 -0.0008]
8,22,[1.000e-03 2.000e-03 3.000e-03 ... 9.458e+00 9.459e+00 9.460e+00],[ 0.0015 -0.0008 -0.0046 ... -0.0046 -0.0046 -0.0046]
8,23,[1.000e-03 2.000e-03 3.000e-03 ... 8.538e+00 8.539e+00 8.540e+00],[ 0.006   0.0052 -0.003  ...  0.0007  0.     -0.0023]
8,24,[1.000e-03 2.000e-03 3.000e-03 ... 9.138e+00 9.139e+00 9.140e+00],[-0.0083 -0.006  -0.0165 ...  0.      0.      0.    ]
8,25,[1.000e-03 2.000e-03 3.000e-03 ... 7.338e+00 7.339e+00 7.340e+00],[-0.0128 -0.0053 -0.0015 ... -0.0053  0.0592  0.0352]
8,26,[1.000e-03 2.000e-03 3.000e-03 ... 9.898e+00 9.899e+00 9.900e+00],[ 0.     -0.0023 -0.0015 ...  0.     -0.0008  0.0015]
9,1,[1.000e-03 2.000e-03 3.000e-03 ... 5.918e+00 5.919e+00 5.920e+00],[ 0.0037  0.0022  0.0007 ... -0.0023 -0.0023 -0.0023]
9,2,[1.000e-03 2.000e-03 3.000e-03 ... 5.718e+00 5.719e+00 5.720e+00],[ 0.0037  0.0007  0.0022 ... -0.0008 -0.0008 -0.0008]
9,3,[1.000e-03 2.000e-03 3.000e-03 ... 5.818e+00 5.819e+00 5.820e+00],[ 0.     -0.0015  0.0007 ... -0.0038 -0.006  -0.003 ]
9,4,[1.000e-03 2.000e-03 3.000e-03 ... 6.998e+00 6.999e+00 7.000e+00],[ 0.     -0.003  -0.0038 ...  0.0022  0.0022  0.0022]
9,5,[1.000e-03 2.000e-03 3.000e-03 ... 6.338e+00 6.339e+00 6.340e+00],[0.0037 0.0007 0.     ... 0.     0.0007 0.    ]
9,6,[1.0000e-03 2.0000e-03 3.0000e-03 ... 1.1278e+01 1.1279e+01 1.1280e+01],[ 0.0007 -0.0008  0.     ...  0.0022  0.0007  0.003 ]
9,7,[1.000e-03 2.000e-03 3.000e-03 ... 8.578e+00 8.579e+00 8.580e+00],[ 0.      0.     -0.0015 ...  0.0015  0.0022  0.    ]
9,8,[1.000e-03 2.000e-03 3.000e-03 ... 7.518e+00 7.519e+00 7.520e+00],[ 0.0015 -0.0008  0.0015 ... -0.0008 -0.0008 -0.0008]
9,9,[1.000e-03 2.000e-03 3.000e-03 ... 5.658e+00 5.659e+00 5.660e+00],[-0.0023 -0.003  -0.0015 ... -0.0008 -0.0008 -0.0008]
9,10,[1.0000e-03 2.0000e-03 3.0000e-03 ... 1.0558e+01 1.0559e+01 1.0560e+01],[ 0.0007 -0.0015 -0.0023 ...  0.     -0.0038 -0.006 ]
9,11,[1.000e-03 2.000e-03 3.000e-03 ... 8.958e+00 8.959e+00 8.960e+00],[-0.0023 -0.0015 -0.0023 ...  0.      0.0007 -0.0015]
9,12,[1.0000e-03 2.0000e-03 3.0000e-03 ... 1.0678e+01 1.0679e+01 1.0680e+01],[ 0.0007  0.     -0.0008 ...  0.0007 -0.0008 -0.0015]
9,13,[1.0000e-03 2.0000e-03 3.0000e-03 ... 1.0078e+01 1.0079e+01 1.0080e+01],[-0.0008  0.      0.     ...  0.0037  0.0037  0.0037]
9,14,[1.0000e-03 2.0000e-03 3.0000e-03 ... 1.5758e+01 1.5759e+01 1.5760e+01],[-0.0098 -0.006   0.0165 ... -0.0075 -0.012  -0.0143]
9,15,[1.0000e-03 2.0000e-03 3.0000e-03 ... 1.5718e+01 1.5719e+01 1.5720e+01],[ 0.0015 -0.0046 -0.0023 ...  0.0015 -0.0023 -0.0015]
9,16,[1.0000e-03 2.0000e-03 3.0000e-03 ... 1.0338e+01 1.0339e+01 1.0340e+01],[-0.0038 -0.003  -0.0015 ...  0.0007 -0.0015 -0.0008]
9,17,[1.0000e-03 2.0000e-03 3.0000e-03 ... 2.1038e+01 2.1039e+01 2.1040e+01],[-0.0023 -0.0015 -0.0038 ... -0.0015 -0.0015 -0.0015]
9,18,[1.000e-03 2.000e-03 3.000e-03 ... 7.318e+00 7.319e+00 7.320e+00],[-0.0008  0.0037  0.0015 ...  0.     -0.0038  0.0007]
9,19,[1.0000e-03 2.0000e-03 3.0000e-03 ... 1.6498e+01 1.6499e+01 1.6500e+01],[-0.0263 -0.0105 -0.0023 ...  0.0015  0.0015  0.0015]
9,20,[1.000e-03 2.000e-03 3.000e-03 ... 7.638e+00 7.639e+00 7.640e+00],[-0.0091  0.042   0.0135 ... -0.0083 -0.0046  0.0015]
9,21,[1.0000e-03 2.0000e-03 3.0000e-03 ... 1.9858e+01 1.9859e+01 1.9860e+01],[ 0.0082  0.0037  0.0037 ... -0.0098 -0.0098 -0.0098]
9,22,[1.0000e-03 2.0000e-03 3.0000e-03 ... 1.1258e+01 1.1259e+01 1.1260e+01],[ 0.0022 -0.003   0.003  ... -0.0038 -0.0113 -0.0023]
9,23,[1.0000e-03 2.0000e-03 3.0000e-03 ... 1.0338e+01 1.0339e+01 1.0340e+01],[-0.0113 -0.0091 -0.0023 ... -0.012  -0.012  -0.012 ]
9,24,[1.0000e-03 2.0000e-03 3.0000e-03 ... 1.3678e+01 1.3679e+01 1.3680e+01],[-0.0008  0.      0.003  ... -0.0038 -0.0038 -0.0038]
9,25,[1.000e-03 2.000e-03 3.000e-03 ... 7.918e+00 7.919e+00 7.920e+00],[-0.0158  0.0142 -0.0015 ... -0.003  -0.0083 -0.0046]
9,26,[1.0000e-03 2.0000e-03 3.0000e-03 ... 1.2538e+01 1.2539e+01 1.2540e+01],[ 0.0015 -0.0008 -0.003  ... -0.0128 -0.0128 -0.0128]
10,1,[1.000e-03 2.000e-03 3.000e-03 ... 6.398e+00 6.399e+00 6.400e+00],[0.     0.     0.0015 ... 0.     0.     0.    ]
10,2,[1.000e-03 2.000e-03 3.000e-03 ... 6.218e+00 6.219e+00 6.220e+00],[-0.0008  0.     -0.0008 ... -0.0015 -0.0008 -0.0015]
10,3,[1.000e-03 2.000e-03 3.000e-03 ... 6.998e+00 6.999e+00 7.000e+00],[-0.0023  0.0352  0.027  ...  0.     -0.0023  0.0015]
10,4,[1.000e-03 2.000e-03 3.000e-03 ... 8.078e+00 8.079e+00 8.080e+00],[-0.0008 -0.0015  0.0007 ... -0.0015 -0.0015 -0.0015]
10,5,[1.000e-03 2.000e-03 3.000e-03 ... 5.498e+00 5.499e+00 5.500e+00],[ 0.0097 -0.006   0.0022 ...  0.0007  0.0007  0.0007]
10,6,[1.0000e-03 2.0000e-03 3.0000e-03 ... 1.1298e+01 1.1299e+01 1.1300e+01],[ 0.0007 -0.0008  0.0022 ... -0.0023 -0.0023 -0.0023]
10,7,[1.000e-03 2.000e-03 3.000e-03 ... 9.978e+00 9.979e+00 9.980e+00],[ 0.0022 -0.0008 -0.0046 ... -0.0015 -0.0015 -0.0015]
10,8,[1.000e-03 2.000e-03 3.000e-03 ... 7.918e+00 7.919e+00 7.920e+00],[-0.003   0.      0.     ...  0.0022  0.0022  0.0022]
10,9,[1.000e-03 2.000e-03 3.000e-03 ... 5.058e+00 5.059e+00 5.060e+00],[-0.0023  0.      0.0022 ...  0.0015  0.0015  0.0015]
10,10,[1.0000e-03 2.0000e-03 3.0000e-03 ... 1.6278e+01 1.6279e+01 1.6280e+01],[ 0.0022  0.      0.     ... -0.003   0.      0.    ]
10,11,[1.000e-03 2.000e-03 3.000e-03 ... 8.838e+00 8.839e+00 8.840e+00],[ 0.      0.     -0.0015 ...  0.0015  0.0015  0.0015]
10,12,[1.0000e-03 2.0000e-03 3.0000e-03 ... 1.2938e+01 1.2939e+01 1.2940e+01],[-0.0023 -0.0023 -0.0046 ... -0.0008  0.      0.0022]
10,13,[1.000e-03 2.000e-03 3.000e-03 ... 9.578e+00 9.579e+00 9.580e+00],[-0.0083  0.0022 -0.0023 ...  0.0022  0.0022  0.0022]
10,14,[1.0000e-03 2.0000e-03 3.0000e-03 ... 1.3718e+01 1.3719e+01 1.3720e+01],[ 0.0195 -0.0015 -0.027  ... -0.0038 -0.0038 -0.0038]
10,15,[1.0000e-03 2.0000e-03 3.0000e-03 ... 1.5778e+01 1.5779e+01 1.5780e+01],[-0.0023  0.0022  0.0007 ...  0.015   0.015   0.015 ]
10,16,[1.000e-03 2.000e-03 3.000e-03 ... 8.838e+00 8.839e+00 8.840e+00],[ 0.0022 -0.0158 -0.0143 ...  0.012   0.012   0.012 ]
10,17,[1.0000e-03 2.0000e-03 3.0000e-03 ... 2.3058e+01 2.3059e+01 2.3060e+01],[-0.0091 -0.0015 -0.0023 ... -0.003  -0.0015  0.0015]
10,18,[1.0000e-03 2.0000e-03 3.0000e-03 ... 1.0498e+01 1.0499e+01 1.0500e+01],[ 0.0015  0.0022 -0.006  ...  0.0015  0.0015  0.0015]
10,19,[1.0000e-03 2.0000e-03 3.0000e-03 ... 3.3618e+01 3.3619e+01 3.3620e+01],[-0.003  -0.0038 -0.0023 ...  0.0052  0.0052  0.0052]
10,20,[1.000e-03 2.000e-03 3.000e-03 ... 7.138e+00 7.139e+00 7.140e+00],[-0.0293 -0.0068  0.0277 ...  0.0105  0.0105  0.0105]
10,21,[1.0000e-03 2.0000e-03 3.0000e-03 ... 1.9858e+01 1.9859e+01 1.9860e+01],[-0.015   0.0082  0.0165 ...  0.0067 -0.0015  0.0015]
10,22,[1.0000e-03 2.0000e-03 3.0000e-03 ... 1.1458e+01 1.1459e+01 1.1460e+01],[-0.0038 -0.006   0.0067 ... -0.0195 -0.0195 -0.0195]
10,23,[1.0000e-03 2.0000e-03 3.0000e-03 ... 1.0478e+01 1.0479e+01 1.0480e+01],[-0.0008 -0.0015  0.0007 ...  0.015   0.015   0.015 ]
10,24,[1.0000e-03 2.0000e-03 3.0000e-03 ... 1.0458e+01 1.0459e+01 1.0460e+01],[-0.0105 -0.0008  0.0052 ...  0.      0.      0.    ]
10,25,[1.000e-03 2.000e-03 3.000e-03 ... 9.278e+00 9.279e+00 9.280e+00],[-0.0105 -0.0053  0.0037 ... -0.0015 -0.0015  0.    ]
10,26,[1.0000e-03 2.0000e-03 3.0000e-03 ... 1.1578e+01 1.1579e+01 1.1580e+01],[-0.0015 -0.0068 -0.0008 ... -0.0285 -0.0285 -0.0285]
11,1,[1.000e-03 2.000e-03 3.000e-03 ... 8.838e+00 8.839e+00 8.840e+00],[-0.0023 -0.0015  0.0022 ...  0.      0.0007  0.0007]
11,2,[1.000e-03 2.000e-03 3.000e-03 ... 7.518e+00 7.519e+00 7.520e+00],[-0.0038 -0.0023 -0.0015 ...  0.0015 -0.0015 -0.003 ]
11,3,[1.0000e-03 2.0000e-03 3.0000e-03 ... 1.0498e+01 1.0499e+01 1.0500e+01],[ 0.0255  0.0165 -0.021  ...  0.0015  0.0015  0.0015]
11,4,[1.000e-03 2.000e-03 3.000e-03 ... 8.278e+00 8.279e+00 8.280e+00],[-0.003  -0.003  -0.006  ...  0.0007 -0.0008  0.0015]
11,5,[1.000e-03 2.000e-03 3.000e-03 ... 8.058e+00 8.059e+00 8.060e+00],[ 0.0075 -0.0038  0.0045 ... -0.0008 -0.0008 -0.0008]
11,6,[1.0000e-03 2.0000e-03 3.0000e-03 ... 1.3818e+01 1.3819e+01 1.3820e+01],[-0.0023 -0.003  -0.0008 ... -0.0023  0.     -0.0008]
11,7,[1.0000e-03 2.0000e-03 3.0000e-03 ... 1.2498e+01 1.2499e+01 1.2500e+01],[ 0.003   0.003  -0.006  ... -0.0015 -0.0015 -0.0023]
11,8,[1.000e-03 2.000e-03 3.000e-03 ... 8.638e+00 8.639e+00 8.640e+00],[-0.003  -0.0023  0.0007 ... -0.0008 -0.0008 -0.0008]
11,9,[1.000e-03 2.000e-03 3.000e-03 ... 6.118e+00 6.119e+00 6.120e+00],[-0.003  -0.0038 -0.003  ...  0.      0.      0.0007]
11,10,[1.0000e-03 2.0000e-03 3.0000e-03 ... 1.1878e+01 1.1879e+01 1.1880e+01],[ 0.     -0.0015 -0.0015 ... -0.0046 -0.0046 -0.0046]
11,11,[1.0000e-03 2.0000e-03 3.0000e-03 ... 1.2938e+01 1.2939e+01 1.2940e+01],[-0.0023 -0.0015 -0.0023 ... -0.0015 -0.0015 -0.0015]
11,12,[1.0000e-03 2.0000e-03 3.0000e-03 ... 1.1698e+01 1.1699e+01 1.1700e+01],[ 0.      0.0015 -0.0008 ...  0.0015  0.0015  0.0015]
11,13,[1.000e-03 2.000e-03 3.000e-03 ... 8.838e+00 8.839e+00 8.840e+00],[-0.0008 -0.0015  0.0007 ...  0.0187  0.0315 -0.0075]
11,14,[1.0000e-03 2.0000e-03 3.0000e-03 ... 1.4318e+01 1.4319e+01 1.4320e+01],[0.006  0.003  0.0015 ... 0.0007 0.0007 0.0007]
11,15,[1.0000e-03 2.0000e-03 3.0000e-03 ... 1.5678e+01 1.5679e+01 1.5680e+01],[-0.0015 -0.0046 -0.0023 ...  0.0067  0.0067  0.0067]
11,16,[1.0000e-03 2.0000e-03 3.0000e-03 ... 1.0578e+01 1.0579e+01 1.0580e+01],[-0.003   0.051   0.03   ...  0.0015  0.0015  0.0015]
11,17,[1.0000e-03 2.0000e-03 3.0000e-03 ... 2.7898e+01 2.7899e+01 2.7900e+01],[-0.0158 -0.0248 -0.0128 ... -0.0008 -0.0008 -0.0008]
11,18,[1.000e-03 2.000e-03 3.000e-03 ... 7.658e+00 7.659e+00 7.660e+00],[-0.0008 -0.0068 -0.0083 ... -0.0338 -0.0315 -0.0511]
11,19,[1.0000e-03 2.0000e-03 3.0000e-03 ... 1.9798e+01 1.9799e+01 1.9800e+01],[-0.003   0.015   0.0442 ... -0.0075 -0.0075 -0.0075]
11,20,[1.000e-03 2.000e-03 3.000e-03 ... 7.978e+00 7.979e+00 7.980e+00],[-0.0023 -0.0038 -0.0008 ... -0.0181 -0.0158 -0.0068]
11,21,[1.0000e-03 2.0000e-03 3.0000e-03 ... 1.8698e+01 1.8699e+01 1.8700e+01],[-0.0023 -0.0053 -0.0023 ...  0.0015  0.0172  0.0367]
11,22,[1.0000e-03 2.0000e-03 3.0000e-03 ... 1.1318e+01 1.1319e+01 1.1320e+01],[-0.0128  0.024   0.0382 ... -0.0091 -0.0091 -0.0091]
11,23,[1.0000e-03 2.0000e-03 3.0000e-03 ... 1.1158e+01 1.1159e+01 1.1160e+01],[ 0.027  -0.0075 -0.0443 ...  0.0022  0.0007 -0.0008]
11,24,[1.0000e-03 2.0000e-03 3.0000e-03 ... 1.0218e+01 1.0219e+01 1.0220e+01],[ 0.0352  0.0285 -0.0218 ... -0.0008 -0.0165 -0.0135]
11,25,[1.000e-03 2.000e-03 3.000e-03 ... 8.478e+00 8.479e+00 8.480e+00],[ 0.0135  0.033  -0.0098 ... -0.0383 -0.0293  0.0337]
11,26,[1.0000e-03 2.0000e-03 3.0000e-03 ... 1.1138e+01 1.1139e+01 1.1140e+01],[ 0.0037  0.0052  0.0195 ... -0.0023  0.0015  0.0052]
12,1,[1.000e-03 2.000e-03 3.000e-03 ... 6.878e+00 6.879e+00 6.880e+00],[-0.0015 -0.0023  0.     ...  0.      0.      0.    ]
12,2,[1.000e-03 2.000e-03 3.000e-03 ... 6.778e+00 6.779e+00 6.780e+00],[ 0.      0.     -0.0008 ... -0.003  -0.0046 -0.0038]
12,3,[1.000e-03 2.000e-03 3.000e-03 ... 9.198e+00 9.199e+00 9.200e+00],[ 0.     -0.0008  0.     ... -0.0015  0.0015  0.0007]
12,4,[1.000e-03 2.000e-03 3.000e-03 ... 8.458e+00 8.459e+00 8.460e+00],[ 0.0075  0.0067  0.003  ... -0.0015 -0.0015 -0.0015]
12,5,[1.000e-03 2.000e-03 3.000e-03 ... 6.478e+00 6.479e+00 6.480e+00],[-0.0015  0.     -0.0023 ... -0.0068 -0.0038 -0.0068]
12,6,[1.0000e-03 2.0000e-03 3.0000e-03 ... 1.6258e+01 1.6259e+01 1.6260e+01],[-0.0023 -0.0038 -0.0008 ...  0.      0.     -0.0008]
12,7,[1.0000e-03 2.0000e-03 3.0000e-03 ... 1.1158e+01 1.1159e+01 1.1160e+01],[-0.006  -0.0038 -0.0008 ... -0.0015 -0.0015 -0.0008]
12,8,[1.000e-03 2.000e-03 3.000e-03 ... 7.618e+00 7.619e+00 7.620e+00],[-0.0023 -0.0008  0.     ...  0.      0.      0.    ]
12,9,[1.000e-03 2.000e-03 3.000e-03 ... 5.498e+00 5.499e+00 5.500e+00],[-0.0015  0.      0.     ...  0.0007  0.     -0.0023]
12,10,[1.0000e-03 2.0000e-03 3.0000e-03 ... 1.4218e+01 1.4219e+01 1.4220e+01],[-0.0015 -0.0015  0.0015 ... -0.0015 -0.0008 -0.0008]
12,11,[1.0000e-03 2.0000e-03 3.0000e-03 ... 1.0458e+01 1.0459e+01 1.0460e+01],[-0.0008 -0.0023 -0.0038 ... -0.0015 -0.0015 -0.0015]
12,12,[1.0000e-03 2.0000e-03 3.0000e-03 ... 1.3498e+01 1.3499e+01 1.3500e+01],[ 0.     -0.0008 -0.0053 ... -0.0023 -0.0008 -0.0015]
12,13,[1.0000e-03 2.0000e-03 3.0000e-03 ... 1.3698e+01 1.3699e+01 1.3700e+01],[-0.0008  0.0007 -0.0038 ... -0.0008 -0.0008 -0.0008]
12,14,[1.0000e-03 2.0000e-03 3.0000e-03 ... 1.5838e+01 1.5839e+01 1.5840e+01],[-0.0046 -0.012  -0.0233 ...  0.0075 -0.003  -0.0173]
12,15,[1.0000e-03 2.0000e-03 3.0000e-03 ... 1.4558e+01 1.4559e+01 1.4560e+01],[ 0.0337  0.0367  0.0195 ... -0.0195 -0.0195 -0.0195]
12,16,[1.0000e-03 2.0000e-03 3.0000e-03 ... 1.0818e+01 1.0819e+01 1.0820e+01],[0.0112 0.0187 0.     ... 0.0007 0.0007 0.0007]
12,17,[1.0000e-03 2.0000e-03 3.0000e-03 ... 2.0758e+01 2.0759e+01 2.0760e+01],[-0.0158 -0.003  -0.0015 ... -0.0165 -0.0046 -0.0023]
12,18,[1.000e-03 2.000e-03 3.000e-03 ... 6.878e+00 6.879e+00 6.880e+00],[-0.0015  0.0007  0.0022 ... -0.0015 -0.0015 -0.0015]
12,19,[1.0000e-03 2.0000e-03 3.0000e-03 ... 1.7118e+01 1.7119e+01 1.7120e+01],[0.0052 0.     0.0127 ... 0.     0.     0.    ]
12,20,[1.000e-03 2.000e-03 3.000e-03 ... 7.578e+00 7.579e+00 7.580e+00],[-0.027  -0.0188  0.     ...  0.0157 -0.0038  0.    ]
12,21,[1.0000e-03 2.0000e-03 3.0000e-03 ... 2.2498e+01 2.2499e+01 2.2500e+01],[-0.0038  0.     -0.0023 ...  0.      0.0015  0.009 ]
12,22,[1.000e-03 2.000e-03 3.000e-03 ... 9.458e+00 9.459e+00 9.460e+00],[-0.0046 -0.0053 -0.003  ...  0.0075  0.0075  0.0075]
12,23,[1.000e-03 2.000e-03 3.000e-03 ... 8.778e+00 8.779e+00 8.780e+00],[ 0.0007 -0.0075  0.003  ...  0.0007  0.009   0.003 ]
12,24,[1.0000e-03 2.0000e-03 3.0000e-03 ... 1.1798e+01 1.1799e+01 1.1800e+01],[-0.003  -0.0038 -0.0068 ...  0.003   0.003   0.003 ]
12,25,[1.000e-03 2.000e-03 3.000e-03 ... 8.718e+00 8.719e+00 8.720e+00],[-0.0053  0.      0.     ... -0.0008 -0.0008 -0.0008]
12,26,[1.0000e-03 2.0000e-03 3.0000e-03 ... 1.1598e+01 1.1599e+01 1.1600e+01],[-0.0015  0.0052  0.0112 ... -0.0068  0.0082 -0.0046]
13,1,[1.000e-03 2.000e-03 3.000e-03 ... 7.458e+00 7.459e+00 7.460e+00],[0.0007 0.0007 0.     ... 0.     0.     0.    ]
13,2,[1.000e-03 2.000e-03 3.000e-03 ... 5.778e+00 5.779e+00 5.780e+00],[ 0.0007  0.0022  0.0007 ... -0.0023 -0.0023 -0.0023]
13,3,[1.000e-03 2.000e-03 3.000e-03 ... 6.118e+00 6.119e+00 6.120e+00],[-0.0008 -0.0008 -0.0023 ...  0.0015  0.0007  0.003 ]
13,4,[1.000e-03 2.000e-03 3.000e-03 ... 7.798e+00 7.799e+00 7.800e+00],[ 0.     -0.0023 -0.0008 ...  0.0015  0.0015  0.0015]
13,5,[1.000e-03 2.000e-03 3.000e-03 ... 6.278e+00 6.279e+00 6.280e+00],[ 0.      0.0007  0.     ... -0.003  -0.0023  0.    ]
13,6,[1.0000e-03 2.0000e-03 3.0000e-03 ... 1.0918e+01 1.0919e+01 1.0920e+01],[-0.0023  0.0015  0.0045 ...  0.003   0.003   0.003 ]
13,7,[1.0000e-03 2.0000e-03 3.0000e-03 ... 1.0378e+01 1.0379e+01 1.0380e+01],[-0.0023  0.      0.     ...  0.0015  0.0007  0.0007]
13,8,[1.000e-03 2.000e-03 3.000e-03 ... 6.858e+00 6.859e+00 6.860e+00],[ 0.0015  0.0007 -0.0038 ... -0.0015 -0.0008  0.0007]
13,9,[1.000e-03 2.000e-03 3.000e-03 ... 5.638e+00 5.639e+00 5.640e+00],[-0.003  -0.0008  0.0007 ... -0.0023  0.0015 -0.0023]
13,10,[1.0000e-03 2.0000e-03 3.0000e-03 ... 1.3538e+01 1.3539e+01 1.3540e+01],[0.0135 0.0187 0.0105 ... 0.0037 0.0037 0.0037]
13,11,[1.0000e-03 2.0000e-03 3.0000e-03 ... 1.1158e+01 1.1159e+01 1.1160e+01],[ 0.0007  0.0015 -0.0008 ... -0.0023 -0.0008  0.0015]
13,12,[1.0000e-03 2.0000e-03 3.0000e-03 ... 1.2818e+01 1.2819e+01 1.2820e+01],[-0.0008 -0.0023 -0.0038 ...  0.0015 -0.0053 -0.0113]
13,13,[1.000e-03 2.000e-03 3.000e-03 ... 9.538e+00 9.539e+00 9.540e+00],[-0.0023 -0.0015 -0.0023 ...  0.0007  0.0007  0.0007]
13,14,[1.0000e-03 2.0000e-03 3.0000e-03 ... 1.7158e+01 1.7159e+01 1.7160e+01],[ 0.0255  0.0232  0.0157 ... -0.042  -0.0068 -0.003 ]
13,15,[1.0000e-03 2.0000e-03 3.0000e-03 ... 1.3838e+01 1.3839e+01 1.3840e+01],[0.0142 0.015  0.     ... 0.0045 0.0045 0.0045]
13,16,[1.000e-03 2.000e-03 3.000e-03 ... 8.638e+00 8.639e+00 8.640e+00],[-0.0143 -0.0046  0.0007 ... -0.0015  0.021   0.0292]
13,17,[1.0000e-03 2.0000e-03 3.0000e-03 ... 1.6258e+01 1.6259e+01 1.6260e+01],[-0.0023 -0.003  -0.0023 ... -0.0068 -0.0053 -0.0008]
13,18,[1.000e-03 2.000e-03 3.000e-03 ... 8.238e+00 8.239e+00 8.240e+00],[-0.0075 -0.0008 -0.0068 ... -0.0098 -0.0098 -0.0098]
13,19,[1.0000e-03 2.0000e-03 3.0000e-03 ... 2.0318e+01 2.0319e+01 2.0320e+01],[ 0.0015 -0.003   0.0052 ...  0.0915  0.0915  0.0915]
13,20,[1.000e-03 2.000e-03 3.000e-03 ... 6.658e+00 6.659e+00 6.660e+00],[-0.0053 -0.0053 -0.0053 ... -0.0023 -0.0023 -0.0023]
13,21,[1.0000e-03 2.0000e-03 3.0000e-03 ... 1.6298e+01 1.6299e+01 1.6300e+01],[-0.0015 -0.0015  0.0015 ...  0.0037  0.0037  0.0037]
13,22,[1.0000e-03 2.0000e-03 3.0000e-03 ... 1.1018e+01 1.1019e+01 1.1020e+01],[ 0.     -0.0015 -0.0098 ... -0.003  -0.003  -0.003 ]
13,23,[1.000e-03 2.000e-03 3.000e-03 ... 9.158e+00 9.159e+00 9.160e+00],[-0.0015 -0.0008  0.     ... -0.0023 -0.0023 -0.0023]
13,24,[1.0000e-03 2.0000e-03 3.0000e-03 ... 1.0718e+01 1.0719e+01 1.0720e+01],[ 0.0142  0.015   0.0015 ... -0.0015 -0.003  -0.0023]
13,25,[1.000e-03 2.000e-03 3.000e-03 ... 8.358e+00 8.359e+00 8.360e+00],[ 0.0015  0.0007 -0.0023 ... -0.0008 -0.0008 -0.0008]
13,26,[1.0000e-03 2.0000e-03 3.0000e-03 ... 1.0498e+01 1.0499e+01 1.0500e+01],[-0.003  -0.003  -0.0015 ...  0.0022  0.0022  0.0022]
14,1,[1.000e-03 2.000e-03 3.000e-03 ... 6.038e+00 6.039e+00 6.040e+00],[ 0.0007 -0.0008 -0.0008 ...  0.      0.0015 -0.0023]
14,2,[1.000e-03 2.000e-03 3.000e-03 ... 7.138e+00 7.139e+00 7.140e+00],[ 0.006   0.0045  0.0015 ... -0.0023 -0.0008  0.0015]
14,3,[1.000e-03 2.000e-03 3.000e-03 ... 6.738e+00 6.739e+00 6.740e+00],[ 0.      0.0015  0.003  ... -0.0008  0.0007 -0.0023]
14,4,[1.000e-03 2.000e-03 3.000e-03 ... 8.078e+00 8.079e+00 8.080e+00],[ 0.0007  0.0015  0.0007 ...  0.      0.     -0.0046]
14,5,[1.000e-03 2.000e-03 3.000e-03 ... 5.958e+00 5.959e+00 5.960e+00],[ 0.0015  0.     -0.0015 ... -0.0023 -0.0023 -0.0023]
14,6,[1.0000e-03 2.0000e-03 3.0000e-03 ... 1.0998e+01 1.0999e+01 1.1000e+01],[ 0.0007 -0.0015  0.0015 ... -0.0008 -0.0008 -0.0008]
14,7,[1.0000e-03 2.0000e-03 3.0000e-03 ... 1.2358e+01 1.2359e+01 1.2360e+01],[ 0.0007  0.     -0.0015 ... -0.0053 -0.0053 -0.0053]
14,8,[1.000e-03 2.000e-03 3.000e-03 ... 6.498e+00 6.499e+00 6.500e+00],[-0.0015 -0.0038  0.0007 ...  0.003   0.003   0.003 ]
14,9,[1.000e-03 2.000e-03 3.000e-03 ... 4.658e+00 4.659e+00 4.660e+00],[ 0.      0.0007  0.0007 ...  0.0007 -0.0008 -0.003 ]
14,10,[1.0000e-03 2.0000e-03 3.0000e-03 ... 1.0518e+01 1.0519e+01 1.0520e+01],[ 0.0007 -0.0008 -0.0008 ... -0.003  -0.003  -0.003 ]
14,11,[1.0000e-03 2.0000e-03 3.0000e-03 ... 1.0798e+01 1.0799e+01 1.0800e+01],[ 0.0015 -0.0008  0.0015 ...  0.     -0.0008  0.0007]
14,12,[1.0000e-03 2.0000e-03 3.0000e-03 ... 1.1438e+01 1.1439e+01 1.1440e+01],[-0.0015 -0.0053  0.0015 ... -0.0023  0.0007  0.0007]
14,13,[1.000e-03 2.000e-03 3.000e-03 ... 7.218e+00 7.219e+00 7.220e+00],[ 0.0015  0.0007 -0.0008 ...  0.003   0.006   0.0022]
14,14,[1.0000e-03 2.0000e-03 3.0000e-03 ... 1.6938e+01 1.6939e+01 1.6940e+01],[-0.0015  0.0015  0.006  ...  0.018   0.018   0.018 ]
14,15,[1.0000e-03 2.0000e-03 3.0000e-03 ... 1.3798e+01 1.3799e+01 1.3800e+01],[ 0.0225  0.003  -0.0023 ... -0.006   0.0097  0.    ]
14,16,[1.000e-03 2.000e-03 3.000e-03 ... 8.458e+00 8.459e+00 8.460e+00],[-0.0091 -0.003  -0.0053 ... -0.003  -0.003  -0.003 ]
14,17,[1.0000e-03 2.0000e-03 3.0000e-03 ... 1.7138e+01 1.7139e+01 1.7140e+01],[-0.0053 -0.0008 -0.0038 ... -0.0083 -0.0083 -0.0083]
14,18,[1.000e-03 2.000e-03 3.000e-03 ... 6.518e+00 6.519e+00 6.520e+00],[ 0.0022  0.0007 -0.0023 ... -0.0023 -0.0023 -0.0023]
14,19,[1.0000e-03 2.0000e-03 3.0000e-03 ... 1.0598e+01 1.0599e+01 1.0600e+01],[ 0.0022 -0.003  -0.003  ... -0.003  -0.0053  0.0015]
14,20,[1.000e-03 2.000e-03 3.000e-03 ... 6.398e+00 6.399e+00 6.400e+00],[ 0.0022  0.0007 -0.0046 ... -0.0068 -0.0068 -0.0068]
14,21,[1.0000e-03 2.0000e-03 3.0000e-03 ... 1.6338e+01 1.6339e+01 1.6340e+01],[0.0007 0.     0.0015 ... 0.0075 0.0075 0.0075]
14,22,[1.000e-03 2.000e-03 3.000e-03 ... 9.198e+00 9.199e+00 9.200e+00],[-0.0015 -0.0015 -0.0113 ... -0.03   -0.0293 -0.0263]
14,23,[1.000e-03 2.000e-03 3.000e-03 ... 9.578e+00 9.579e+00 9.580e+00],[ 0.0157  0.006  -0.0105 ... -0.0015 -0.0015 -0.0015]
14,24,[1.000e-03 2.000e-03 3.000e-03 ... 8.278e+00 8.279e+00 8.280e+00],[-0.0015 -0.0015 -0.0008 ...  0.0112  0.0052 -0.006 ]
14,25,[1.000e-03 2.000e-03 3.000e-03 ... 6.618e+00 6.619e+00 6.620e+00],[-0.0068 -0.0008  0.0007 ...  0.0022  0.0022  0.0022]
14,26,[1.000e-03 2.000e-03 3.000e-03 ... 9.878e+00 9.879e+00 9.880e+00],[ 0.0022 -0.003  -0.006  ... -0.0023  0.0022  0.0007]
15,1,[1.000e-03 2.000e-03 3.000e-03 ... 6.638e+00 6.639e+00 6.640e+00],[0.0007 0.     0.0007 ... 0.0007 0.0007 0.0007]
15,2,[1.000e-03 2.000e-03 3.000e-03 ... 6.038e+00 6.039e+00 6.040e+00],[-0.0008  0.0007 -0.0008 ...  0.0007  0.0007  0.0007]
15,3,[1.000e-03 2.000e-03 3.000e-03 ... 8.118e+00 8.119e+00 8.120e+00],[-0.0015 -0.0038 -0.0008 ... -0.0008 -0.0008 -0.0008]
15,4,[1.000e-03 2.000e-03 3.000e-03 ... 9.598e+00 9.599e+00 9.600e+00],[0.0015 0.     0.0007 ... 0.     0.     0.    ]
15,5,[1.000e-03 2.000e-03 3.000e-03 ... 6.938e+00 6.939e+00 6.940e+00],[ 0.      0.0022  0.     ... -0.0008 -0.0008 -0.0008]
15,6,[1.0000e-03 2.0000e-03 3.0000e-03 ... 2.0058e+01 2.0059e+01 2.0060e+01],[ 0.0007  0.0015 -0.0008 ...  0.      0.      0.    ]
15,7,[1.0000e-03 2.0000e-03 3.0000e-03 ... 1.4838e+01 1.4839e+01 1.4840e+01],[-0.0015  0.0007 -0.0008 ...  0.0022  0.0022  0.0022]
15,8,[1.000e-03 2.000e-03 3.000e-03 ... 7.498e+00 7.499e+00 7.500e+00],[-0.0015 -0.0015 -0.0008 ...  0.0022  0.0022  0.0022]
15,9,[1.000e-03 2.000e-03 3.000e-03 ... 6.358e+00 6.359e+00 6.360e+00],[-0.0008 -0.0008  0.     ...  0.0015  0.0015  0.0015]
15,10,[1.0000e-03 2.0000e-03 3.0000e-03 ... 1.4058e+01 1.4059e+01 1.4060e+01],[ 0.0007 -0.0008 -0.0023 ...  0.0015 -0.0015  0.0007]
15,11,[1.0000e-03 2.0000e-03 3.0000e-03 ... 1.4238e+01 1.4239e+01 1.4240e+01],[ 0.0007  0.      0.     ...  0.     -0.0015 -0.0015]
15,12,[1.0000e-03 2.0000e-03 3.0000e-03 ... 1.0738e+01 1.0739e+01 1.0740e+01],[ 0.      0.0007 -0.0023 ... -0.0023 -0.0023 -0.0023]
15,13,[1.0000e-03 2.0000e-03 3.0000e-03 ... 1.4078e+01 1.4079e+01 1.4080e+01],[-0.0008  0.0015  0.0015 ... -0.0015  0.0007  0.0007]
15,14,[1.0000e-03 2.0000e-03 3.0000e-03 ... 2.2178e+01 2.2179e+01 2.2180e+01],[ 0.003   0.003   0.0007 ... -0.0143  0.0022 -0.003 ]
15,15,[1.0000e-03 2.0000e-03 3.0000e-03 ... 1.6578e+01 1.6579e+01 1.6580e+01],[-0.0083 -0.012  -0.003  ... -0.0143 -0.0068 -0.006 ]
15,16,[1.0000e-03 2.0000e-03 3.0000e-03 ... 1.0918e+01 1.0919e+01 1.0920e+01],[0.015  0.     0.0007 ... 0.     0.0007 0.    ]
15,17,[1.0000e-03 2.0000e-03 3.0000e-03 ... 2.1438e+01 2.1439e+01 2.1440e+01],[0.0097 0.0015 0.0015 ... 0.     0.     0.    ]
15,18,[1.000e-03 2.000e-03 3.000e-03 ... 8.198e+00 8.199e+00 8.200e+00],[-0.003  -0.0008 -0.0015 ... -0.0008 -0.0008 -0.0008]
15,19,[1.0000e-03 2.0000e-03 3.0000e-03 ... 1.3078e+01 1.3079e+01 1.3080e+01],[ 0.0007 -0.0046  0.0015 ... -0.0015  0.     -0.0008]
15,20,[1.000e-03 2.000e-03 3.000e-03 ... 7.298e+00 7.299e+00 7.300e+00],[ 0.0172 -0.0098  0.0037 ...  0.      0.      0.    ]
15,21,[1.0000e-03 2.0000e-03 3.0000e-03 ... 2.3318e+01 2.3319e+01 2.3320e+01],[ 0.      0.0007 -0.0008 ...  0.0022  0.0022  0.0022]
15,22,[1.0000e-03 2.0000e-03 3.0000e-03 ... 1.2078e+01 1.2079e+01 1.2080e+01],[-0.0008  0.0015  0.0015 ...  0.003   0.003   0.003 ]
15,23,[1.0000e-03 2.0000e-03 3.0000e-03 ... 1.0578e+01 1.0579e+01 1.0580e+01],[ 0.      0.0022 -0.0015 ... -0.0015  0.0052  0.0112]
15,24,[1.000e-03 2.000e-03 3.000e-03 ... 9.778e+00 9.779e+00 9.780e+00],[-0.0533 -0.03    0.0232 ...  0.0037  0.0037  0.0037]
15,25,[1.000e-03 2.000e-03 3.000e-03 ... 8.438e+00 8.439e+00 8.440e+00],[ 0.003  -0.0008 -0.0008 ... -0.0046 -0.0075 -0.0038]
15,26,[1.0000e-03 2.0000e-03 3.0000e-03 ... 1.1798e+01 1.1799e+01 1.1800e+01],[ 0.0082 -0.0053 -0.0015 ... -0.0008 -0.0008 -0.0015]
16,1,[1.000e-03 2.000e-03 3.000e-03 ... 5.718e+00 5.719e+00 5.720e+00],[0.0015 0.0022 0.0037 ... 0.0015 0.0015 0.0015]
16,2,[1.000e-03 2.000e-03 3.000e-03 ... 6.118e+00 6.119e+00 6.120e+00],[ 0.0007  0.      0.0007 ... -0.0015 -0.0015 -0.0015]
16,3,[1.000e-03 2.000e-03 3.000e-03 ... 6.738e+00 6.739e+00 6.740e+00],[ 0.0022  0.003   0.0007 ... -0.0023 -0.0023 -0.0023]
16,4,[1.000e-03 2.000e-03 3.000e-03 ... 6.378e+00 6.379e+00 6.380e+00],[ 0.0015  0.003  -0.0015 ...  0.0045 -0.0105  0.0037]
16,5,[1.000e-03 2.000e-03 3.000e-03 ... 6.478e+00 6.479e+00 6.480e+00],[ 0.0007  0.      0.0015 ... -0.0038 -0.0038 -0.0038]
16,6,[1.0000e-03 2.0000e-03 3.0000e-03 ... 1.2518e+01 1.2519e+01 1.2520e+01],[ 0.0037 -0.012   0.0225 ...  0.0007 -0.0008  0.0007]
16,7,[1.0000e-03 2.0000e-03 3.0000e-03 ... 1.1318e+01 1.1319e+01 1.1320e+01],[ 0.0015  0.0007 -0.0015 ...  0.003   0.003   0.003 ]
16,8,[1.000e-03 2.000e-03 3.000e-03 ... 6.578e+00 6.579e+00 6.580e+00],[ 0.003   0.0037  0.003  ... -0.0008 -0.0008 -0.0008]
16,9,[1.000e-03 2.000e-03 3.000e-03 ... 4.778e+00 4.779e+00 4.780e+00],[ 0.     -0.0008  0.0015 ...  0.0015  0.0015  0.0015]
16,10,[1.0000e-03 2.0000e-03 3.0000e-03 ... 1.1838e+01 1.1839e+01 1.1840e+01],[0.     0.0015 0.0045 ... 0.003  0.0015 0.0007]
16,11,[1.0000e-03 2.0000e-03 3.0000e-03 ... 1.0058e+01 1.0059e+01 1.0060e+01],[ 0.0037  0.0037  0.0022 ...  0.0022 -0.0008  0.0037]
16,12,[1.0000e-03 2.0000e-03 3.0000e-03 ... 1.2898e+01 1.2899e+01 1.2900e+01],[0.     0.003  0.0037 ... 0.     0.003  0.003 ]
16,13,[1.000e-03 2.000e-03 3.000e-03 ... 9.558e+00 9.559e+00 9.560e+00],[0.0007 0.003  0.0015 ... 0.0037 0.0015 0.0037]
16,14,[1.0000e-03 2.0000e-03 3.0000e-03 ... 2.0438e+01 2.0439e+01 2.0440e+01],[-0.0046  0.0292  0.0165 ... -0.0008  0.0022  0.0015]
16,15,[1.0000e-03 2.0000e-03 3.0000e-03 ... 1.8138e+01 1.8139e+01 1.8140e+01],[-0.0075  0.0082  0.0135 ...  0.0015  0.0015  0.0015]
16,16,[1.000e-03 2.000e-03 3.000e-03 ... 9.318e+00 9.319e+00 9.320e+00],[ 0.0015  0.      0.003  ... -0.003  -0.0008  0.0007]
16,17,[1.0000e-03 2.0000e-03 3.0000e-03 ... 2.1938e+01 2.1939e+01 2.1940e+01],[0.0007 0.0037 0.003  ... 0.0022 0.0037 0.    ]
16,18,[1.000e-03 2.000e-03 3.000e-03 ... 6.118e+00 6.119e+00 6.120e+00],[0.0007 0.0015 0.0022 ... 0.0015 0.0015 0.0015]
16,19,[1.0000e-03 2.0000e-03 3.0000e-03 ... 2.4798e+01 2.4799e+01 2.4800e+01],[0.     0.     0.0022 ... 0.0015 0.0015 0.0015]
16,20,[1.000e-03 2.000e-03 3.000e-03 ... 6.338e+00 6.339e+00 6.340e+00],[-0.0053 -0.0091 -0.0113 ...  0.0015  0.      0.003 ]
16,21,[1.0000e-03 2.0000e-03 3.0000e-03 ... 2.2698e+01 2.2699e+01 2.2700e+01],[ 0.0015  0.0022  0.0015 ...  0.0007  0.     -0.0008]
16,22,[1.0000e-03 2.0000e-03 3.0000e-03 ... 1.0518e+01 1.0519e+01 1.0520e+01],[ 0.0015  0.003   0.0037 ... -0.0008 -0.0165 -0.0053]
16,23,[1.000e-03 2.000e-03 3.000e-03 ... 9.738e+00 9.739e+00 9.740e+00],[0.0007 0.003  0.0022 ... 0.0045 0.0037 0.0007]
16,24,[1.000e-03 2.000e-03 3.000e-03 ... 8.138e+00 8.139e+00 8.140e+00],[ 0.      0.0022 -0.0053 ...  0.0022  0.0022  0.0022]
16,25,[1.000e-03 2.000e-03 3.000e-03 ... 7.738e+00 7.739e+00 7.740e+00],[ 0.      0.0007 -0.0008 ... -0.0075 -0.0075 -0.0075]
16,26,[1.0000e-03 2.0000e-03 3.0000e-03 ... 1.1058e+01 1.1059e+01 1.1060e+01],[ 0.0015  0.0007  0.0022 ... -0.0008 -0.0008 -0.0008]
17,1,[1.000e-03 2.000e-03 3.000e-03 ... 7.938e+00 7.939e+00 7.940e+00],[-0.003   0.0007  0.0007 ...  0.0097  0.0097  0.0097]
17,2,[1.000e-03 2.000e-03 3.000e-03 ... 8.538e+00 8.539e+00 8.540e+00],[-0.0008  0.      0.     ...  0.      0.      0.    ]
17,3,[1.000e-03 2.000e-03 3.000e-03 ... 9.278e+00 9.279e+00 9.280e+00],[ 0.      0.0015 -0.0008 ... -0.0008 -0.0015  0.0007]
17,4,[1.000e-03 2.000e-03 3.000e-03 ... 9.078e+00 9.079e+00 9.080e+00],[ 0.     -0.003  -0.0015 ... -0.0008 -0.0008 -0.0008]
17,5,[1.000e-03 2.000e-03 3.000e-03 ... 6.878e+00 6.879e+00 6.880e+00],[-0.003   0.0007 -0.0046 ... -0.0023 -0.0008 -0.0023]
17,6,[1.0000e-03 2.0000e-03 3.0000e-03 ... 1.7158e+01 1.7159e+01 1.7160e+01],[-0.0015 -0.0023  0.     ...  0.0007  0.0007  0.0007]
17,7,[1.0000e-03 2.0000e-03 3.0000e-03 ... 1.6418e+01 1.6419e+01 1.6420e+01],[-0.0008  0.0015 -0.0015 ...  0.0007  0.0007  0.0007]
17,8,[1.000e-03 2.000e-03 3.000e-03 ... 8.878e+00 8.879e+00 8.880e+00],[-0.0023  0.     -0.0023 ...  0.0007  0.0007  0.0007]
17,9,[1.000e-03 2.000e-03 3.000e-03 ... 6.178e+00 6.179e+00 6.180e+00],[ 0.0007 -0.003  -0.0008 ...  0.0022  0.0022  0.0022]
17,10,[1.0000e-03 2.0000e-03 3.0000e-03 ... 1.2938e+01 1.2939e+01 1.2940e+01],[-0.0023  0.0007  0.     ... -0.0008 -0.0008  0.0007]
17,11,[1.0000e-03 2.0000e-03 3.0000e-03 ... 1.5978e+01 1.5979e+01 1.5980e+01],[ 0.      0.0007  0.0007 ... -0.003  -0.003  -0.003 ]
17,12,[1.0000e-03 2.0000e-03 3.0000e-03 ... 1.5198e+01 1.5199e+01 1.5200e+01],[-0.0008  0.0022  0.     ...  0.0007  0.0007  0.    ]
17,13,[1.0000e-03 2.0000e-03 3.0000e-03 ... 1.0958e+01 1.0959e+01 1.0960e+01],[ 0.      0.     -0.0008 ... -0.0008 -0.0008 -0.0008]
17,14,[1.0000e-03 2.0000e-03 3.0000e-03 ... 2.2798e+01 2.2799e+01 2.2800e+01],[-0.0083  0.0075  0.0127 ... -0.003  -0.003  -0.003 ]
17,15,[1.0000e-03 2.0000e-03 3.0000e-03 ... 2.2198e+01 2.2199e+01 2.2200e+01],[-0.0053  0.0022 -0.006  ...  0.003   0.003   0.003 ]
17,16,[1.0000e-03 2.0000e-03 3.0000e-03 ... 1.1818e+01 1.1819e+01 1.1820e+01],[-0.0015 -0.0068 -0.0105 ... -0.0046 -0.0128 -0.0046]
17,17,[1.0000e-03 2.0000e-03 3.0000e-03 ... 2.8458e+01 2.8459e+01 2.8460e+01],[-0.0008 -0.0023 -0.003  ...  0.0007 -0.0053 -0.0113]
17,18,[1.000e-03 2.000e-03 3.000e-03 ... 9.478e+00 9.479e+00 9.480e+00],[-0.0023  0.0277  0.0022 ... -0.0135 -0.0135 -0.0135]
17,19,[1.0000e-03 2.0000e-03 3.0000e-03 ... 2.0478e+01 2.0479e+01 2.0480e+01],[-0.0008  0.     -0.003  ... -0.0068  0.0007  0.0015]
17,20,[1.000e-03 2.000e-03 3.000e-03 ... 8.778e+00 8.779e+00 8.780e+00],[-0.0068 -0.006   0.0007 ...  0.0187  0.0187  0.0187]
17,21,[1.0000e-03 2.0000e-03 3.0000e-03 ... 2.5418e+01 2.5419e+01 2.5420e+01],[-0.003   0.0022  0.0015 ...  0.0277  0.0412 -0.0105]
17,22,[1.0000e-03 2.0000e-03 3.0000e-03 ... 1.3938e+01 1.3939e+01 1.3940e+01],[ 0.0135  0.0015 -0.0091 ...  0.0015 -0.0068 -0.0023]
17,23,[1.0000e-03 2.0000e-03 3.0000e-03 ... 1.0458e+01 1.0459e+01 1.0460e+01],[ 0.      0.     -0.0053 ...  0.0022  0.0112  0.018 ]
17,24,[1.0000e-03 2.0000e-03 3.0000e-03 ... 1.4698e+01 1.4699e+01 1.4700e+01],[ 0.0022 -0.0015 -0.0068 ... -0.0046 -0.0023 -0.0015]
17,25,[1.000e-03 2.000e-03 3.000e-03 ... 9.118e+00 9.119e+00 9.120e+00],[ 0.0112 -0.012   0.0067 ... -0.003   0.0015  0.    ]
17,26,[1.0000e-03 2.0000e-03 3.0000e-03 ... 1.1958e+01 1.1959e+01 1.1960e+01],[0.     0.0015 0.     ... 0.009  0.009  0.009 ]
18,1,[1.000e-03 2.000e-03 3.000e-03 ... 6.558e+00 6.559e+00 6.560e+00],[ 0.      0.0007  0.0007 ... -0.0053  0.0015  0.0007]
18,2,[1.000e-03 2.000e-03 3.000e-03 ... 7.758e+00 7.759e+00 7.760e+00],[ 0.      0.0007  0.0007 ...  0.      0.0007 -0.0038]
18,3,[1.000e-03 2.000e-03 3.000e-03 ... 8.378e+00 8.379e+00 8.380e+00],[-0.0128  0.      0.003  ... -0.0038 -0.015   0.0007]
18,4,[1.000e-03 2.000e-03 3.000e-03 ... 8.858e+00 8.859e+00 8.860e+00],[ 0.0007  0.0007  0.0007 ... -0.0278 -0.0278 -0.0278]
18,5,[1.000e-03 2.000e-03 3.000e-03 ... 7.498e+00 7.499e+00 7.500e+00],[ 0.0015  0.003  -0.0015 ...  0.0007  0.0007  0.0007]
18,6,[1.0000e-03 2.0000e-03 3.0000e-03 ... 1.9378e+01 1.9379e+01 1.9380e+01],[-0.0083  0.0007  0.     ... -0.0015 -0.0015 -0.0015]
18,7,[1.0000e-03 2.0000e-03 3.0000e-03 ... 1.3638e+01 1.3639e+01 1.3640e+01],[-0.0075  0.     -0.003  ... -0.006   0.0007  0.0015]
18,8,[1.000e-03 2.000e-03 3.000e-03 ... 8.538e+00 8.539e+00 8.540e+00],[ 0.0007 -0.0008 -0.0008 ... -0.003   0.0007  0.0007]
18,9,[1.000e-03 2.000e-03 3.000e-03 ... 6.318e+00 6.319e+00 6.320e+00],[ 0.0217 -0.003   0.0052 ...  0.0007 -0.0075 -0.0053]
18,10,[1.0000e-03 2.0000e-03 3.0000e-03 ... 1.5558e+01 1.5559e+01 1.5560e+01],[-0.0008  0.0007 -0.0008 ...  0.0007  0.0007  0.0007]
18,11,[1.0000e-03 2.0000e-03 3.0000e-03 ... 1.1478e+01 1.1479e+01 1.1480e+01],[ 0.0007  0.0007 -0.0015 ... -0.0038 -0.0038 -0.0038]
18,12,[1.0000e-03 2.0000e-03 3.0000e-03 ... 1.3098e+01 1.3099e+01 1.3100e+01],[ 0.      0.      0.     ...  0.0007  0.     -0.0015]
18,13,[1.0000e-03 2.0000e-03 3.0000e-03 ... 1.1118e+01 1.1119e+01 1.1120e+01],[-0.0023 -0.0008 -0.0008 ...  0.0007  0.0007  0.0007]
18,14,[1.0000e-03 2.0000e-03 3.0000e-03 ... 1.6278e+01 1.6279e+01 1.6280e+01],[ 0.     -0.0053 -0.0008 ... -0.0158 -0.0158 -0.0158]
18,15,[1.0000e-03 2.0000e-03 3.0000e-03 ... 2.0498e+01 2.0499e+01 2.0500e+01],[-0.0046 -0.0015  0.0007 ... -0.0038 -0.0038 -0.0038]
18,16,[1.0000e-03 2.0000e-03 3.0000e-03 ... 1.0458e+01 1.0459e+01 1.0460e+01],[ 0.009   0.0037  0.0007 ... -0.0046 -0.0046 -0.0046]
18,17,[1.0000e-03 2.0000e-03 3.0000e-03 ... 2.3058e+01 2.3059e+01 2.3060e+01],[ 0.0007  0.     -0.0091 ... -0.021  -0.006  -0.0181]
18,18,[1.000e-03 2.000e-03 3.000e-03 ... 7.958e+00 7.959e+00 7.960e+00],[-0.0068 -0.0008  0.0007 ... -0.0075  0.     -0.0098]
18,19,[1.0000e-03 2.0000e-03 3.0000e-03 ... 1.3838e+01 1.3839e+01 1.3840e+01],[-0.0068  0.003   0.0007 ... -0.0038 -0.0038 -0.0038]
18,20,[1.000e-03 2.000e-03 3.000e-03 ... 7.878e+00 7.879e+00 7.880e+00],[-0.0038 -0.0308 -0.012  ... -0.0075 -0.0008 -0.003 ]
18,21,[1.0000e-03 2.0000e-03 3.0000e-03 ... 2.0358e+01 2.0359e+01 2.0360e+01],[ 0.      0.0007  0.     ...  0.0097 -0.0053  0.0112]
18,22,[1.0000e-03 2.0000e-03 3.0000e-03 ... 1.2318e+01 1.2319e+01 1.2320e+01],[ 0.006   0.0007 -0.012  ...  0.0022  0.0022  0.0022]
18,23,[1.0000e-03 2.0000e-03 3.0000e-03 ... 1.1698e+01 1.1699e+01 1.1700e+01],[0.0007 0.003  0.0007 ... 0.0007 0.0007 0.0007]
18,24,[1.0000e-03 2.0000e-03 3.0000e-03 ... 1.1918e+01 1.1919e+01 1.1920e+01],[-0.0098 -0.0046 -0.0105 ...  0.0007 -0.0075 -0.0008]
18,25,[1.000e-03 2.000e-03 3.000e-03 ... 8.538e+00 8.539e+00 8.540e+00],[0.0022 0.0007 0.0007 ... 0.0052 0.0052 0.0052]
18,26,[1.0000e-03 2.0000e-03 3.0000e-03 ... 1.1598e+01 1.1599e+01 1.1600e+01],[-0.0128 -0.0023  0.0075 ... -0.0075 -0.0075 -0.0075]
19,1,[1.000e-03 2.000e-03 3.000e-03 ... 5.658e+00 5.659e+00 5.660e+00],[0.0007 0.     0.0007 ... 0.     0.     0.    ]
19,2,[1.000e-03 2.000e-03 3.000e-03 ... 6.658e+00 6.659e+00 6.660e+00],[-0.006   0.0075 -0.0038 ...  0.0007  0.0007  0.0007]
19,3,[1.000e-03 2.000e-03 3.000e-03 ... 8.058e+00 8.059e+00 8.060e+00],[ 0.0007  0.0007 -0.0023 ...  0.0007 -0.0015  0.0007]
19,4,[1.000e-03 2.000e-03 3.000e-03 ... 7.738e+00 7.739e+00 7.740e+00],[ 0.0007  0.0007  0.0007 ... -0.0008 -0.0008 -0.0008]
19,5,[1.000e-03 2.000e-03 3.000e-03 ... 5.918e+00 5.919e+00 5.920e+00],[ 0.      0.0007  0.0007 ... -0.0008  0.0007 -0.0023]
19,6,[1.0000e-03 2.0000e-03 3.0000e-03 ... 1.0278e+01 1.0279e+01 1.0280e+01],[-0.0023  0.0007  0.0007 ...  0.      0.      0.    ]
19,7,[1.000e-03 2.000e-03 3.000e-03 ... 9.418e+00 9.419e+00 9.420e+00],[ 0.      0.0007  0.0007 ... -0.003  -0.003  -0.003 ]
19,8,[1.000e-03 2.000e-03 3.000e-03 ... 7.738e+00 7.739e+00 7.740e+00],[0.0007 0.0007 0.0007 ... 0.0007 0.0007 0.0007]
19,9,[1.000e-03 2.000e-03 3.000e-03 ... 6.418e+00 6.419e+00 6.420e+00],[ 0.0007  0.0007  0.0007 ...  0.0007 -0.0083 -0.0225]
19,10,[1.0000e-03 2.0000e-03 3.0000e-03 ... 1.0858e+01 1.0859e+01 1.0860e+01],[-0.0053 -0.0165 -0.0248 ...  0.0007  0.      0.0007]
19,11,[1.0000e-03 2.0000e-03 3.0000e-03 ... 1.0158e+01 1.0159e+01 1.0160e+01],[ 0.0007 -0.0008 -0.0015 ...  0.0007  0.0007 -0.0015]
19,12,[1.000e-03 2.000e-03 3.000e-03 ... 9.538e+00 9.539e+00 9.540e+00],[-0.0023  0.0007  0.     ... -0.0413 -0.0413 -0.0413]
19,13,[1.000e-03 2.000e-03 3.000e-03 ... 7.498e+00 7.499e+00 7.500e+00],[-0.0015  0.0007  0.0007 ... -0.0015 -0.0015 -0.0015]
19,14,[1.0000e-03 2.0000e-03 3.0000e-03 ... 1.9418e+01 1.9419e+01 1.9420e+01],[-0.0038 -0.0015  0.     ... -0.0053 -0.0053 -0.0053]
19,15,[1.0000e-03 2.0000e-03 3.0000e-03 ... 1.5398e+01 1.5399e+01 1.5400e+01],[ 0.0007 -0.0075 -0.0173 ... -0.012   0.003  -0.0038]
19,16,[1.000e-03 2.000e-03 3.000e-03 ... 9.218e+00 9.219e+00 9.220e+00],[ 0.012   0.0067  0.006  ... -0.0038 -0.0038 -0.0038]
19,17,[1.0000e-03 2.0000e-03 3.0000e-03 ... 2.2118e+01 2.2119e+01 2.2120e+01],[-0.003   0.0007  0.0007 ... -0.0091 -0.006  -0.0091]
19,18,[1.000e-03 2.000e-03 3.000e-03 ... 7.318e+00 7.319e+00 7.320e+00],[ 0.0082  0.0412  0.012  ... -0.0473  0.0555  0.072 ]
19,19,[1.0000e-03 2.0000e-03 3.0000e-03 ... 1.6178e+01 1.6179e+01 1.6180e+01],[-0.0038 -0.0113 -0.0068 ... -0.0233 -0.0436 -0.0346]
19,20,[1.000e-03 2.000e-03 3.000e-03 ... 6.998e+00 6.999e+00 7.000e+00],[-0.0068 -0.0046  0.0007 ...  0.0225  0.0225  0.0225]
19,21,[1.0000e-03 2.0000e-03 3.0000e-03 ... 2.1698e+01 2.1699e+01 2.1700e+01],[ 0.0007  0.0007  0.0045 ...  0.0007 -0.003   0.0007]
19,22,[1.000e-03 2.000e-03 3.000e-03 ... 8.098e+00 8.099e+00 8.100e+00],[ 0.     -0.006  -0.0068 ...  0.0022  0.0022  0.0022]
19,23,[1.000e-03 2.000e-03 3.000e-03 ... 8.878e+00 8.879e+00 8.880e+00],[-0.0023 -0.0053 -0.0053 ... -0.0008  0.0007  0.0007]
19,24,[1.000e-03 2.000e-03 3.000e-03 ... 9.318e+00 9.319e+00 9.320e+00],[-0.0173 -0.015  -0.0075 ...  0.0105  0.0105  0.0105]
19,25,[1.000e-03 2.000e-03 3.000e-03 ... 7.538e+00 7.539e+00 7.540e+00],[ 0.      0.0007  0.0007 ... -0.0068 -0.0225  0.0195]
19,26,[1.0000e-03 2.0000e-03 3.0000e-03 ... 1.1358e+01 1.1359e+01 1.1360e+01],[ 0.0007 -0.003  -0.003  ... -0.03   -0.03   -0.03  ]
20,1,[1.000e-03 2.000e-03 3.000e-03 ... 6.538e+00 6.539e+00 6.540e+00],[-0.0046 -0.0023 -0.0008 ... -0.003  -0.003  -0.003 ]
20,2,[1.000e-03 2.000e-03 3.000e-03 ... 7.458e+00 7.459e+00 7.460e+00],[-0.0023  0.0015  0.0015 ... -0.0015 -0.0015 -0.0015]
20,3,[1.000e-03 2.000e-03 3.000e-03 ... 7.858e+00 7.859e+00 7.860e+00],[-0.0023 -0.0015 -0.0008 ... -0.0015 -0.0015 -0.0015]
20,4,[1.000e-03 2.000e-03 3.000e-03 ... 8.438e+00 8.439e+00 8.440e+00],[ 0.0007  0.0015 -0.0015 ...  0.      0.      0.    ]
20,5,[1.000e-03 2.000e-03 3.000e-03 ... 6.678e+00 6.679e+00 6.680e+00],[ 0.     -0.0015  0.0007 ... -0.0023 -0.0015 -0.006 ]
20,6,[1.0000e-03 2.0000e-03 3.0000e-03 ... 1.0718e+01 1.0719e+01 1.0720e+01],[-0.0008  0.0007  0.     ... -0.0008 -0.0008 -0.0008]
20,7,[1.0000e-03 2.0000e-03 3.0000e-03 ... 1.3158e+01 1.3159e+01 1.3160e+01],[-0.0015 -0.0038  0.0007 ... -0.0015 -0.0015 -0.0015]
20,8,[1.000e-03 2.000e-03 3.000e-03 ... 7.758e+00 7.759e+00 7.760e+00],[-0.0008  0.0007  0.     ... -0.0023 -0.0023 -0.0023]
20,9,[1.000e-03 2.000e-03 3.000e-03 ... 6.018e+00 6.019e+00 6.020e+00],[-0.0038 -0.0015 -0.0023 ...  0.0037  0.0067  0.0037]
20,10,[1.0000e-03 2.0000e-03 3.0000e-03 ... 1.1178e+01 1.1179e+01 1.1180e+01],[ 0.      0.     -0.0023 ...  0.      0.      0.    ]
20,11,[1.0000e-03 2.0000e-03 3.0000e-03 ... 1.0198e+01 1.0199e+01 1.0200e+01],[ 0.0007  0.0007  0.0007 ...  0.     -0.0038 -0.0015]
20,12,[1.0000e-03 2.0000e-03 3.0000e-03 ... 1.5498e+01 1.5499e+01 1.5500e+01],[-0.003  -0.0023  0.0007 ... -0.0015 -0.0015 -0.0015]
20,13,[1.000e-03 2.000e-03 3.000e-03 ... 8.158e+00 8.159e+00 8.160e+00],[-0.0008 -0.0015 -0.0008 ... -0.0008 -0.0023  0.    ]
20,14,[1.0000e-03 2.0000e-03 3.0000e-03 ... 1.3638e+01 1.3639e+01 1.3640e+01],[ 0.0052  0.0105 -0.0083 ...  0.006   0.006   0.006 ]
20,15,[1.0000e-03 2.0000e-03 3.0000e-03 ... 1.7818e+01 1.7819e+01 1.7820e+01],[ 0.      0.     -0.0008 ...  0.0097  0.0045  0.0135]
20,16,[1.0000e-03 2.0000e-03 3.0000e-03 ... 1.4338e+01 1.4339e+01 1.4340e+01],[-0.003  -0.0098 -0.0015 ... -0.0008 -0.0008 -0.0008]
20,17,[1.0000e-03 2.0000e-03 3.0000e-03 ... 2.0438e+01 2.0439e+01 2.0440e+01],[ 0.     -0.0015  0.0007 ... -0.0053 -0.0225 -0.0188]
20,18,[1.000e-03 2.000e-03 3.000e-03 ... 7.418e+00 7.419e+00 7.420e+00],[ 0.117   0.045  -0.0413 ...  0.0202  0.0202  0.0202]
20,19,[1.0000e-03 2.0000e-03 3.0000e-03 ... 2.0618e+01 2.0619e+01 2.0620e+01],[-0.0075  0.0157 -0.0068 ... -0.003  -0.003  -0.003 ]
20,20,[1.000e-03 2.000e-03 3.000e-03 ... 7.238e+00 7.239e+00 7.240e+00],[-0.0098  0.      0.     ... -0.0046 -0.0046 -0.0046]
20,21,[1.0000e-03 2.0000e-03 3.0000e-03 ... 2.0478e+01 2.0479e+01 2.0480e+01],[ 0.009   0.     -0.0015 ...  0.021   0.057   0.0225]
20,22,[1.0000e-03 2.0000e-03 3.0000e-03 ... 1.1538e+01 1.1539e+01 1.1540e+01],[-0.0038  0.0007 -0.0023 ... -0.0015 -0.0105 -0.0248]
20,23,[1.0000e-03 2.0000e-03 3.0000e-03 ... 1.0378e+01 1.0379e+01 1.0380e+01],[-0.0046  0.0067  0.0007 ... -0.0128 -0.0128 -0.0128]
20,24,[1.000e-03 2.000e-03 3.000e-03 ... 8.738e+00 8.739e+00 8.740e+00],[0.0045 0.0067 0.0105 ... 0.0307 0.0307 0.0307]
20,25,[1.000e-03 2.000e-03 3.000e-03 ... 9.178e+00 9.179e+00 9.180e+00],[-0.006  -0.006  -0.003  ... -0.0046 -0.0046 -0.0046]
20,26,[1.0000e-03 2.0000e-03 3.0000e-03 ... 1.0698e+01 1.0699e+01 1.0700e+01],[-0.0015  0.0007  0.0007 ...  0.0015  0.0015 -0.0008]
21,1,[1.000e-03 2.000e-03 3.000e-03 ... 6.658e+00 6.659e+00 6.660e+00],[-0.0023 -0.0015 -0.003  ... -0.0053  0.0015 -0.003 ]
21,2,[1.000e-03 2.000e-03 3.000e-03 ... 7.638e+00 7.639e+00 7.640e+00],[-0.0038 -0.0023  0.0007 ...  0.0007  0.0007 -0.0015]
21,3,[1.000e-03 2.000e-03 3.000e-03 ... 7.278e+00 7.279e+00 7.280e+00],[ 0.0007  0.0015 -0.0015 ... -0.0015 -0.0008 -0.0008]
21,4,[1.000e-03 2.000e-03 3.000e-03 ... 8.418e+00 8.419e+00 8.420e+00],[ 0.      0.     -0.0023 ...  0.      0.      0.    ]
21,5,[1.000e-03 2.000e-03 3.000e-03 ... 6.598e+00 6.599e+00 6.600e+00],[ 0.0007  0.0007 -0.0008 ... -0.003  -0.003  -0.003 ]
21,6,[1.0000e-03 2.0000e-03 3.0000e-03 ... 1.0338e+01 1.0339e+01 1.0340e+01],[ 0.0015  0.0045  0.0007 ...  0.0007  0.0015 -0.003 ]
21,7,[1.0000e-03 2.0000e-03 3.0000e-03 ... 1.2838e+01 1.2839e+01 1.2840e+01],[-0.003   0.0007  0.0015 ...  0.0022  0.0022  0.    ]
21,8,[1.000e-03 2.000e-03 3.000e-03 ... 7.718e+00 7.719e+00 7.720e+00],[-0.003  -0.0008  0.0007 ... -0.0015 -0.0015 -0.0015]
21,9,[1.000e-03 2.000e-03 3.000e-03 ... 5.898e+00 5.899e+00 5.900e+00],[ 0.003  -0.0008 -0.0008 ...  0.0015  0.0015  0.0015]
21,10,[1.0000e-03 2.0000e-03 3.0000e-03 ... 1.2538e+01 1.2539e+01 1.2540e+01],[ 0.     -0.0008  0.0007 ... -0.0015  0.0015  0.    ]
21,11,[1.0000e-03 2.0000e-03 3.0000e-03 ... 1.2418e+01 1.2419e+01 1.2420e+01],[-0.003  -0.0015  0.     ... -0.0015 -0.0015 -0.0015]
21,12,[1.0000e-03 2.0000e-03 3.0000e-03 ... 1.1598e+01 1.1599e+01 1.1600e+01],[ 0.     -0.0008 -0.0008 ... -0.003  -0.003  -0.003 ]
21,13,[1.0000e-03 2.0000e-03 3.0000e-03 ... 1.0278e+01 1.0279e+01 1.0280e+01],[-0.0023 -0.0038 -0.003  ... -0.0008 -0.0008 -0.0008]
21,14,[1.0000e-03 2.0000e-03 3.0000e-03 ... 1.3098e+01 1.3099e+01 1.3100e+01],[ 0.0022  0.0105  0.0105 ... -0.0015 -0.0015 -0.0015]
21,15,[1.0000e-03 2.0000e-03 3.0000e-03 ... 1.5698e+01 1.5699e+01 1.5700e+01],[-0.0046 -0.0015  0.0037 ...  0.0007  0.0007  0.006 ]
21,16,[1.0000e-03 2.0000e-03 3.0000e-03 ... 1.4738e+01 1.4739e+01 1.4740e+01],[ 0.0045  0.0007 -0.0008 ...  0.0052  0.0052  0.0052]
21,17,[1.0000e-03 2.0000e-03 3.0000e-03 ... 2.1678e+01 2.1679e+01 2.1680e+01],[ 0.0015 -0.0218 -0.015  ...  0.0015 -0.0008 -0.0263]
21,18,[1.000e-03 2.000e-03 3.000e-03 ... 6.838e+00 6.839e+00 6.840e+00],[ 0.0022 -0.0038 -0.0038 ... -0.012  -0.0068  0.0052]
21,19,[1.0000e-03 2.0000e-03 3.0000e-03 ... 2.3178e+01 2.3179e+01 2.3180e+01],[-0.0023 -0.0015 -0.0023 ...  0.0007 -0.0143 -0.0165]
21,20,[1.000e-03 2.000e-03 3.000e-03 ... 7.318e+00 7.319e+00 7.320e+00],[-0.0038 -0.006  -0.0008 ...  0.003   0.     -0.0008]
21,21,[1.0000e-03 2.0000e-03 3.0000e-03 ... 2.1318e+01 2.1319e+01 2.1320e+01],[-0.0068 -0.0091  0.     ...  0.0142  0.0187  0.0045]
21,22,[1.000e-03 2.000e-03 3.000e-03 ... 9.938e+00 9.939e+00 9.940e+00],[-0.0023 -0.0038 -0.0046 ... -0.0083  0.0292  0.0277]
21,23,[1.000e-03 2.000e-03 3.000e-03 ... 8.878e+00 8.879e+00 8.880e+00],[0.0015 0.0015 0.0045 ... 0.0022 0.0135 0.0022]
21,24,[1.000e-03 2.000e-03 3.000e-03 ... 9.318e+00 9.319e+00 9.320e+00],[-0.0225 -0.0233  0.0045 ...  0.021  -0.0015  0.009 ]
21,25,[1.0000e-03 2.0000e-03 3.0000e-03 ... 1.2038e+01 1.2039e+01 1.2040e+01],[-0.003   0.0015 -0.0015 ... -0.0015 -0.0015 -0.0015]
21,26,[1.0000e-03 2.0000e-03 3.0000e-03 ... 1.1458e+01 1.1459e+01 1.1460e+01],[0.006  0.0195 0.0232 ... 0.0075 0.0075 0.0075]
22,1,[1.000e-03 2.000e-03 3.000e-03 ... 6.478e+00 6.479e+00 6.480e+00],[-0.0053  0.0015 -0.0008 ...  0.0015 -0.0008 -0.0008]
22,2,[1.0000e-03 2.0000e-03 3.0000e-03 ... 1.0918e+01 1.0919e+01 1.0920e+01],[-0.0008 -0.0008  0.0007 ... -0.003  -0.003  -0.003 ]
22,3,[1.000e-03 2.000e-03 3.000e-03 ... 8.798e+00 8.799e+00 8.800e+00],[ 0.0007 -0.0015 -0.0023 ... -0.0023  0.0007  0.0022]
22,4,[1.0000e-03 2.0000e-03 3.0000e-03 ... 1.1278e+01 1.1279e+01 1.1280e+01],[ 0.0007 -0.0023 -0.003  ...  0.      0.      0.    ]
22,5,[1.000e-03 2.000e-03 3.000e-03 ... 7.298e+00 7.299e+00 7.300e+00],[0.     0.0007 0.0007 ... 0.0007 0.0007 0.0007]
22,6,[1.0000e-03 2.0000e-03 3.0000e-03 ... 1.5438e+01 1.5439e+01 1.5440e+01],[-0.0046 -0.0075 -0.0008 ...  0.0082  0.0022 -0.0015]
22,7,[1.0000e-03 2.0000e-03 3.0000e-03 ... 1.5378e+01 1.5379e+01 1.5380e+01],[0.0007 0.0015 0.0007 ... 0.009  0.009  0.009 ]
22,8,[1.000e-03 2.000e-03 3.000e-03 ... 8.558e+00 8.559e+00 8.560e+00],[-0.0046 -0.0091 -0.0105 ... -0.003  -0.003  -0.003 ]
22,9,[1.000e-03 2.000e-03 3.000e-03 ... 7.458e+00 7.459e+00 7.460e+00],[ 0.003   0.0007  0.     ... -0.0015 -0.0008  0.    ]
22,10,[1.0000e-03 2.0000e-03 3.0000e-03 ... 1.6518e+01 1.6519e+01 1.6520e+01],[-0.0008 -0.0015 -0.0046 ...  0.0007  0.0007  0.0007]
22,11,[1.0000e-03 2.0000e-03 3.0000e-03 ... 1.2178e+01 1.2179e+01 1.2180e+01],[ 0.0015  0.      0.0015 ... -0.0038 -0.0256  0.0007]
22,12,[1.0000e-03 2.0000e-03 3.0000e-03 ... 1.3238e+01 1.3239e+01 1.3240e+01],[-0.0038 -0.0008 -0.0008 ...  0.0015 -0.0008  0.0007]
22,13,[1.000e-03 2.000e-03 3.000e-03 ... 8.638e+00 8.639e+00 8.640e+00],[0.0015 0.0007 0.0015 ... 0.0007 0.     0.0015]
22,14,[1.0000e-03 2.0000e-03 3.0000e-03 ... 2.0798e+01 2.0799e+01 2.0800e+01],[-0.0008 -0.0098 -0.0075 ...  0.006   0.006   0.006 ]
22,15,[1.0000e-03 2.0000e-03 3.0000e-03 ... 1.7258e+01 1.7259e+01 1.7260e+01],[-0.0053 -0.0098  0.0262 ...  0.0045 -0.0068  0.003 ]
22,16,[1.0000e-03 2.0000e-03 3.0000e-03 ... 1.0558e+01 1.0559e+01 1.0560e+01],[-0.0143  0.0165  0.0225 ... -0.006   0.0127 -0.0165]
22,17,[1.0000e-03 2.0000e-03 3.0000e-03 ... 2.1658e+01 2.1659e+01 2.1660e+01],[-0.0015  0.      0.0015 ... -0.0105 -0.0105 -0.0105]
22,18,[1.000e-03 2.000e-03 3.000e-03 ... 9.318e+00 9.319e+00 9.320e+00],[-0.0023 -0.0046  0.0007 ... -0.0075 -0.0256 -0.027 ]
22,19,[1.0000e-03 2.0000e-03 3.0000e-03 ... 2.2498e+01 2.2499e+01 2.2500e+01],[-0.0083  0.0007  0.0015 ... -0.0233 -0.0158  0.0045]
22,20,[1.000e-03 2.000e-03 3.000e-03 ... 8.238e+00 8.239e+00 8.240e+00],[-0.0023 -0.0135  0.0007 ...  0.      0.0015  0.006 ]
22,21,[1.0000e-03 2.0000e-03 3.0000e-03 ... 2.5418e+01 2.5419e+01 2.5420e+01],[ 0.006  -0.0008 -0.0038 ... -0.0053 -0.0068 -0.0023]
22,22,[1.0000e-03 2.0000e-03 3.0000e-03 ... 1.1158e+01 1.1159e+01 1.1160e+01],[-0.0008 -0.006  -0.0053 ... -0.0038 -0.0038 -0.0038]
22,23,[1.0000e-03 2.0000e-03 3.0000e-03 ... 1.2238e+01 1.2239e+01 1.2240e+01],[-0.0038 -0.0015 -0.0135 ... -0.0046  0.003  -0.0068]
22,24,[1.0000e-03 2.0000e-03 3.0000e-03 ... 1.0998e+01 1.0999e+01 1.1000e+01],[ 0.     -0.0023 -0.003  ... -0.0023 -0.0023 -0.0023]
22,25,[1.0000e-03 2.0000e-03 3.0000e-03 ... 1.0478e+01 1.0479e+01 1.0480e+01],[-0.0008  0.0015 -0.0023 ... -0.0083  0.003  -0.0046]
22,26,[1.0000e-03 2.0000e-03 3.0000e-03 ... 1.1618e+01 1.1619e+01 1.1620e+01],[ 0.      0.0105  0.0052 ... -0.012  -0.012  -0.012 ]
